Aeroponic column ,"http://patft.uspto.gov//netacgi/nph-Parser?Sect1=PTO2&Sect2=HITOFF&p=1&u=%2Fnetahtml%2FPTO%2Fsearch-bool.html&r=1&f=G&l=50&co1=AND&d=PTXT&s1=%22plant+holder%22&OS=""plant+holder""&RS=""plant+holder""",https://pdfpiw.uspto.gov/.piw?Docid=10772270
Enclosing vegetative sheath ,"http://patft.uspto.gov//netacgi/nph-Parser?Sect1=PTO2&Sect2=HITOFF&p=1&u=%2Fnetahtml%2FPTO%2Fsearch-bool.html&r=2&f=G&l=50&co1=AND&d=PTXT&s1=%22plant+holder%22&OS=""plant+holder""&RS=""plant+holder""",https://pdfpiw.uspto.gov/.piw?Docid=10765071
Self watering planter assembly ,"http://patft.uspto.gov//netacgi/nph-Parser?Sect1=PTO2&Sect2=HITOFF&p=1&u=%2Fnetahtml%2FPTO%2Fsearch-bool.html&r=3&f=G&l=50&co1=AND&d=PTXT&s1=%22plant+holder%22&OS=""plant+holder""&RS=""plant+holder""",https://pdfpiw.uspto.gov/.piw?Docid=10757874
Plant holder ,"http://patft.uspto.gov//netacgi/nph-Parser?Sect1=PTO2&Sect2=HITOFF&p=1&u=%2Fnetahtml%2FPTO%2Fsearch-bool.html&r=4&f=G&l=50&co1=AND&d=PTXT&s1=%22plant+holder%22&OS=""plant+holder""&RS=""plant+holder""",https://pdfpiw.uspto.gov/.piw?Docid=D889163
"Energy management system, energy management method, and program ","http://patft.uspto.gov//netacgi/nph-Parser?Sect1=PTO2&Sect2=HITOFF&p=1&u=%2Fnetahtml%2FPTO%2Fsearch-bool.html&r=5&f=G&l=50&co1=AND&d=PTXT&s1=%22plant+holder%22&OS=""plant+holder""&RS=""plant+holder""",https://pdfpiw.uspto.gov/.piw?Docid=10693318
Hydroponic tower compatible gutter assembly ,"http://patft.uspto.gov//netacgi/nph-Parser?Sect1=PTO2&Sect2=HITOFF&p=1&u=%2Fnetahtml%2FPTO%2Fsearch-bool.html&r=6&f=G&l=50&co1=AND&d=PTXT&s1=%22plant+holder%22&OS=""plant+holder""&RS=""plant+holder""",https://pdfpiw.uspto.gov/.piw?Docid=10681875
Column elements for a device for the vertical cultivation of plants ,"http://patft.uspto.gov//netacgi/nph-Parser?Sect1=PTO2&Sect2=HITOFF&p=1&u=%2Fnetahtml%2FPTO%2Fsearch-bool.html&r=7&f=G&l=50&co1=AND&d=PTXT&s1=%22plant+holder%22&OS=""plant+holder""&RS=""plant+holder""",https://pdfpiw.uspto.gov/.piw?Docid=10660283
Gas-delivery light fixture and method for making and using ,"http://patft.uspto.gov//netacgi/nph-Parser?Sect1=PTO2&Sect2=HITOFF&p=1&u=%2Fnetahtml%2FPTO%2Fsearch-bool.html&r=8&f=G&l=50&co1=AND&d=PTXT&s1=%22plant+holder%22&OS=""plant+holder""&RS=""plant+holder""",https://pdfpiw.uspto.gov/.piw?Docid=10602671
Hyrdoponics ,"http://patft.uspto.gov//netacgi/nph-Parser?Sect1=PTO2&Sect2=HITOFF&p=1&u=%2Fnetahtml%2FPTO%2Fsearch-bool.html&r=9&f=G&l=50&co1=AND&d=PTXT&s1=%22plant+holder%22&OS=""plant+holder""&RS=""plant+holder""",https://pdfpiw.uspto.gov/.piw?Docid=10524434
Combination vertical plant holder and growing stand ,"http://patft.uspto.gov//netacgi/nph-Parser?Sect1=PTO2&Sect2=HITOFF&p=1&u=%2Fnetahtml%2FPTO%2Fsearch-bool.html&r=10&f=G&l=50&co1=AND&d=PTXT&s1=%22plant+holder%22&OS=""plant+holder""&RS=""plant+holder""",https://pdfpiw.uspto.gov/.piw?Docid=D870592
Hydroponic bucket and stand set ,"http://patft.uspto.gov//netacgi/nph-Parser?Sect1=PTO2&Sect2=HITOFF&p=1&u=%2Fnetahtml%2FPTO%2Fsearch-bool.html&r=11&f=G&l=50&co1=AND&d=PTXT&s1=%22plant+holder%22&OS=""plant+holder""&RS=""plant+holder""",https://pdfpiw.uspto.gov/.piw?Docid=D869328
Wall mounted hanging plant holder ,"http://patft.uspto.gov//netacgi/nph-Parser?Sect1=PTO2&Sect2=HITOFF&p=1&u=%2Fnetahtml%2FPTO%2Fsearch-bool.html&r=12&f=G&l=50&co1=AND&d=PTXT&s1=%22plant+holder%22&OS=""plant+holder""&RS=""plant+holder""",https://pdfpiw.uspto.gov/.piw?Docid=10371188
Column grip ,"http://patft.uspto.gov//netacgi/nph-Parser?Sect1=PTO2&Sect2=HITOFF&p=1&u=%2Fnetahtml%2FPTO%2Fsearch-bool.html&r=13&f=G&l=50&co1=AND&d=PTXT&s1=%22plant+holder%22&OS=""plant+holder""&RS=""plant+holder""",https://pdfpiw.uspto.gov/.piw?Docid=10330256
Rail post vertical extension system ,"http://patft.uspto.gov//netacgi/nph-Parser?Sect1=PTO2&Sect2=HITOFF&p=1&u=%2Fnetahtml%2FPTO%2Fsearch-bool.html&r=14&f=G&l=50&co1=AND&d=PTXT&s1=%22plant+holder%22&OS=""plant+holder""&RS=""plant+holder""",https://pdfpiw.uspto.gov/.piw?Docid=10323792
Multi-piece device for moving and storing potted plants and other objects      having a base ,"http://patft.uspto.gov//netacgi/nph-Parser?Sect1=PTO2&Sect2=HITOFF&p=1&u=%2Fnetahtml%2FPTO%2Fsearch-bool.html&r=15&f=G&l=50&co1=AND&d=PTXT&s1=%22plant+holder%22&OS=""plant+holder""&RS=""plant+holder""",https://pdfpiw.uspto.gov/.piw?Docid=10322842
Holder ,"http://patft.uspto.gov//netacgi/nph-Parser?Sect1=PTO2&Sect2=HITOFF&p=1&u=%2Fnetahtml%2FPTO%2Fsearch-bool.html&r=16&f=G&l=50&co1=AND&d=PTXT&s1=%22plant+holder%22&OS=""plant+holder""&RS=""plant+holder""",https://pdfpiw.uspto.gov/.piw?Docid=D843754
Holder ,"http://patft.uspto.gov//netacgi/nph-Parser?Sect1=PTO2&Sect2=HITOFF&p=1&u=%2Fnetahtml%2FPTO%2Fsearch-bool.html&r=17&f=G&l=50&co1=AND&d=PTXT&s1=%22plant+holder%22&OS=""plant+holder""&RS=""plant+holder""",https://pdfpiw.uspto.gov/.piw?Docid=D843753
Plant stand ,"http://patft.uspto.gov//netacgi/nph-Parser?Sect1=PTO2&Sect2=HITOFF&p=1&u=%2Fnetahtml%2FPTO%2Fsearch-bool.html&r=18&f=G&l=50&co1=AND&d=PTXT&s1=%22plant+holder%22&OS=""plant+holder""&RS=""plant+holder""",https://pdfpiw.uspto.gov/.piw?Docid=D836936
Urn and planter combination ,"http://patft.uspto.gov//netacgi/nph-Parser?Sect1=PTO2&Sect2=HITOFF&p=1&u=%2Fnetahtml%2FPTO%2Fsearch-bool.html&r=19&f=G&l=50&co1=AND&d=PTXT&s1=%22plant+holder%22&OS=""plant+holder""&RS=""plant+holder""",https://pdfpiw.uspto.gov/.piw?Docid=10165733
Self-contained plant watering apparatus system ,"http://patft.uspto.gov//netacgi/nph-Parser?Sect1=PTO2&Sect2=HITOFF&p=1&u=%2Fnetahtml%2FPTO%2Fsearch-bool.html&r=20&f=G&l=50&co1=AND&d=PTXT&s1=%22plant+holder%22&OS=""plant+holder""&RS=""plant+holder""",https://pdfpiw.uspto.gov/.piw?Docid=10154630
Holder ,"http://patft.uspto.gov//netacgi/nph-Parser?Sect1=PTO2&Sect2=HITOFF&p=1&u=%2Fnetahtml%2FPTO%2Fsearch-bool.html&r=21&f=G&l=50&co1=AND&d=PTXT&s1=%22plant+holder%22&OS=""plant+holder""&RS=""plant+holder""",https://pdfpiw.uspto.gov/.piw?Docid=D834348
Seedbed holding unit ,"http://patft.uspto.gov//netacgi/nph-Parser?Sect1=PTO2&Sect2=HITOFF&p=1&u=%2Fnetahtml%2FPTO%2Fsearch-bool.html&r=22&f=G&l=50&co1=AND&d=PTXT&s1=%22plant+holder%22&OS=""plant+holder""&RS=""plant+holder""",https://pdfpiw.uspto.gov/.piw?Docid=10136586
Plant transplanting device ,"http://patft.uspto.gov//netacgi/nph-Parser?Sect1=PTO2&Sect2=HITOFF&p=1&u=%2Fnetahtml%2FPTO%2Fsearch-bool.html&r=23&f=G&l=50&co1=AND&d=PTXT&s1=%22plant+holder%22&OS=""plant+holder""&RS=""plant+holder""",https://pdfpiw.uspto.gov/.piw?Docid=10058024
Terracotta pot holder ,"http://patft.uspto.gov//netacgi/nph-Parser?Sect1=PTO2&Sect2=HITOFF&p=1&u=%2Fnetahtml%2FPTO%2Fsearch-bool.html&r=24&f=G&l=50&co1=AND&d=PTXT&s1=%22plant+holder%22&OS=""plant+holder""&RS=""plant+holder""",https://pdfpiw.uspto.gov/.piw?Docid=D818287
Detachable multi-functional housing compartment insert with attachable      accessory templates ,"http://patft.uspto.gov//netacgi/nph-Parser?Sect1=PTO2&Sect2=HITOFF&p=1&u=%2Fnetahtml%2FPTO%2Fsearch-bool.html&r=25&f=G&l=50&co1=AND&d=PTXT&s1=%22plant+holder%22&OS=""plant+holder""&RS=""plant+holder""",https://pdfpiw.uspto.gov/.piw?Docid=9968861
Plant holder ,"http://patft.uspto.gov//netacgi/nph-Parser?Sect1=PTO2&Sect2=HITOFF&p=1&u=%2Fnetahtml%2FPTO%2Fsearch-bool.html&r=26&f=G&l=50&co1=AND&d=PTXT&s1=%22plant+holder%22&OS=""plant+holder""&RS=""plant+holder""",https://pdfpiw.uspto.gov/.piw?Docid=D815560
Terracotta pot holder ,"http://patft.uspto.gov//netacgi/nph-Parser?Sect1=PTO2&Sect2=HITOFF&p=1&u=%2Fnetahtml%2FPTO%2Fsearch-bool.html&r=27&f=G&l=50&co1=AND&d=PTXT&s1=%22plant+holder%22&OS=""plant+holder""&RS=""plant+holder""",https://pdfpiw.uspto.gov/.piw?Docid=D814344
Combination plant holder and amplifier ,"http://patft.uspto.gov//netacgi/nph-Parser?Sect1=PTO2&Sect2=HITOFF&p=1&u=%2Fnetahtml%2FPTO%2Fsearch-bool.html&r=28&f=G&l=50&co1=AND&d=PTXT&s1=%22plant+holder%22&OS=""plant+holder""&RS=""plant+holder""",https://pdfpiw.uspto.gov/.piw?Docid=D809964
Plant imaging and spectral scanning system and method ,"http://patft.uspto.gov//netacgi/nph-Parser?Sect1=PTO2&Sect2=HITOFF&p=1&u=%2Fnetahtml%2FPTO%2Fsearch-bool.html&r=29&f=G&l=50&co1=AND&d=PTXT&s1=%22plant+holder%22&OS=""plant+holder""&RS=""plant+holder""",https://pdfpiw.uspto.gov/.piw?Docid=9878842
Urn and planter combination ,"http://patft.uspto.gov//netacgi/nph-Parser?Sect1=PTO2&Sect2=HITOFF&p=1&u=%2Fnetahtml%2FPTO%2Fsearch-bool.html&r=30&f=G&l=50&co1=AND&d=PTXT&s1=%22plant+holder%22&OS=""plant+holder""&RS=""plant+holder""",https://pdfpiw.uspto.gov/.piw?Docid=9872441
Potted plant holder ,"http://patft.uspto.gov//netacgi/nph-Parser?Sect1=PTO2&Sect2=HITOFF&p=1&u=%2Fnetahtml%2FPTO%2Fsearch-bool.html&r=31&f=G&l=50&co1=AND&d=PTXT&s1=%22plant+holder%22&OS=""plant+holder""&RS=""plant+holder""",https://pdfpiw.uspto.gov/.piw?Docid=9826846
Vertical aeroponic plant growing enclosure ,"http://patft.uspto.gov//netacgi/nph-Parser?Sect1=PTO2&Sect2=HITOFF&p=1&u=%2Fnetahtml%2FPTO%2Fsearch-bool.html&r=32&f=G&l=50&co1=AND&d=PTXT&s1=%22plant+holder%22&OS=""plant+holder""&RS=""plant+holder""",https://pdfpiw.uspto.gov/.piw?Docid=9788495
Plant growth weight measurement instrument and method thereof ,"http://patft.uspto.gov//netacgi/nph-Parser?Sect1=PTO2&Sect2=HITOFF&p=1&u=%2Fnetahtml%2FPTO%2Fsearch-bool.html&r=33&f=G&l=50&co1=AND&d=PTXT&s1=%22plant+holder%22&OS=""plant+holder""&RS=""plant+holder""",https://pdfpiw.uspto.gov/.piw?Docid=9775300
Holder ,"http://patft.uspto.gov//netacgi/nph-Parser?Sect1=PTO2&Sect2=HITOFF&p=1&u=%2Fnetahtml%2FPTO%2Fsearch-bool.html&r=34&f=G&l=50&co1=AND&d=PTXT&s1=%22plant+holder%22&OS=""plant+holder""&RS=""plant+holder""",https://pdfpiw.uspto.gov/.piw?Docid=D797469
Connector assembly for an article of furniture ,"http://patft.uspto.gov//netacgi/nph-Parser?Sect1=PTO2&Sect2=HITOFF&p=1&u=%2Fnetahtml%2FPTO%2Fsearch-bool.html&r=35&f=G&l=50&co1=AND&d=PTXT&s1=%22plant+holder%22&OS=""plant+holder""&RS=""plant+holder""",https://pdfpiw.uspto.gov/.piw?Docid=9714673
Plant holder ,"http://patft.uspto.gov//netacgi/nph-Parser?Sect1=PTO2&Sect2=HITOFF&p=1&u=%2Fnetahtml%2FPTO%2Fsearch-bool.html&r=36&f=G&l=50&co1=AND&d=PTXT&s1=%22plant+holder%22&OS=""plant+holder""&RS=""plant+holder""",https://pdfpiw.uspto.gov/.piw?Docid=D790394
Plant stand with multiple lighting devices and plant holders ,"http://patft.uspto.gov//netacgi/nph-Parser?Sect1=PTO2&Sect2=HITOFF&p=1&u=%2Fnetahtml%2FPTO%2Fsearch-bool.html&r=37&f=G&l=50&co1=AND&d=PTXT&s1=%22plant+holder%22&OS=""plant+holder""&RS=""plant+holder""",https://pdfpiw.uspto.gov/.piw?Docid=9642314
Holder for plants and a plant cultivation method ,"http://patft.uspto.gov//netacgi/nph-Parser?Sect1=PTO2&Sect2=HITOFF&p=1&u=%2Fnetahtml%2FPTO%2Fsearch-bool.html&r=38&f=G&l=50&co1=AND&d=PTXT&s1=%22plant+holder%22&OS=""plant+holder""&RS=""plant+holder""",https://pdfpiw.uspto.gov/.piw?Docid=9629314
Plant holder ,"http://patft.uspto.gov//netacgi/nph-Parser?Sect1=PTO2&Sect2=HITOFF&p=1&u=%2Fnetahtml%2FPTO%2Fsearch-bool.html&r=39&f=G&l=50&co1=AND&d=PTXT&s1=%22plant+holder%22&OS=""plant+holder""&RS=""plant+holder""",https://pdfpiw.uspto.gov/.piw?Docid=D776563
Plant holder ,"http://patft.uspto.gov//netacgi/nph-Parser?Sect1=PTO2&Sect2=HITOFF&p=1&u=%2Fnetahtml%2FPTO%2Fsearch-bool.html&r=40&f=G&l=50&co1=AND&d=PTXT&s1=%22plant+holder%22&OS=""plant+holder""&RS=""plant+holder""",https://pdfpiw.uspto.gov/.piw?Docid=D775998
Irrigation system ,"http://patft.uspto.gov//netacgi/nph-Parser?Sect1=PTO2&Sect2=HITOFF&p=1&u=%2Fnetahtml%2FPTO%2Fsearch-bool.html&r=41&f=G&l=50&co1=AND&d=PTXT&s1=%22plant+holder%22&OS=""plant+holder""&RS=""plant+holder""",https://pdfpiw.uspto.gov/.piw?Docid=9510524
Plant organizing and growing assembly ,"http://patft.uspto.gov//netacgi/nph-Parser?Sect1=PTO2&Sect2=HITOFF&p=1&u=%2Fnetahtml%2FPTO%2Fsearch-bool.html&r=42&f=G&l=50&co1=AND&d=PTXT&s1=%22plant+holder%22&OS=""plant+holder""&RS=""plant+holder""",https://pdfpiw.uspto.gov/.piw?Docid=9440782
Robotic plantlet handling system ,"http://patft.uspto.gov//netacgi/nph-Parser?Sect1=PTO2&Sect2=HITOFF&p=1&u=%2Fnetahtml%2FPTO%2Fsearch-bool.html&r=43&f=G&l=50&co1=AND&d=PTXT&s1=%22plant+holder%22&OS=""plant+holder""&RS=""plant+holder""",https://pdfpiw.uspto.gov/.piw?Docid=9439361
Vertical aeroponic plant growing enclosure with support structure ,"http://patft.uspto.gov//netacgi/nph-Parser?Sect1=PTO2&Sect2=HITOFF&p=1&u=%2Fnetahtml%2FPTO%2Fsearch-bool.html&r=44&f=G&l=50&co1=AND&d=PTXT&s1=%22plant+holder%22&OS=""plant+holder""&RS=""plant+holder""",https://pdfpiw.uspto.gov/.piw?Docid=9374953
180 degree foldable locking hinge ,"http://patft.uspto.gov//netacgi/nph-Parser?Sect1=PTO2&Sect2=HITOFF&p=1&u=%2Fnetahtml%2FPTO%2Fsearch-bool.html&r=45&f=G&l=50&co1=AND&d=PTXT&s1=%22plant+holder%22&OS=""plant+holder""&RS=""plant+holder""",https://pdfpiw.uspto.gov/.piw?Docid=9353561
"Tree-style potted plant holder and hubs, supports, adapters and watering      system for same ","http://patft.uspto.gov//netacgi/nph-Parser?Sect1=PTO2&Sect2=HITOFF&p=1&u=%2Fnetahtml%2FPTO%2Fsearch-bool.html&r=46&f=G&l=50&co1=AND&d=PTXT&s1=%22plant+holder%22&OS=""plant+holder""&RS=""plant+holder""",https://pdfpiw.uspto.gov/.piw?Docid=9320206
"Headstone bracket with flag, flower and wreath holders ","http://patft.uspto.gov//netacgi/nph-Parser?Sect1=PTO2&Sect2=HITOFF&p=1&u=%2Fnetahtml%2FPTO%2Fsearch-bool.html&r=47&f=G&l=50&co1=AND&d=PTXT&s1=%22plant+holder%22&OS=""plant+holder""&RS=""plant+holder""",https://pdfpiw.uspto.gov/.piw?Docid=9307700
Irrigation system ,"http://patft.uspto.gov//netacgi/nph-Parser?Sect1=PTO2&Sect2=HITOFF&p=1&u=%2Fnetahtml%2FPTO%2Fsearch-bool.html&r=48&f=G&l=50&co1=AND&d=PTXT&s1=%22plant+holder%22&OS=""plant+holder""&RS=""plant+holder""",https://pdfpiw.uspto.gov/.piw?Docid=9282699
Aeroponic commercial plant cultivation system utilizing a grow enclosure ,"http://patft.uspto.gov//netacgi/nph-Parser?Sect1=PTO2&Sect2=HITOFF&p=1&u=%2Fnetahtml%2FPTO%2Fsearch-bool.html&r=49&f=G&l=50&co1=AND&d=PTXT&s1=%22plant+holder%22&OS=""plant+holder""&RS=""plant+holder""",https://pdfpiw.uspto.gov/.piw?Docid=9241453
Plant holder ,"http://patft.uspto.gov//netacgi/nph-Parser?Sect1=PTO2&Sect2=HITOFF&p=1&u=%2Fnetahtml%2FPTO%2Fsearch-bool.html&r=50&f=G&l=50&co1=AND&d=PTXT&s1=%22plant+holder%22&OS=""plant+holder""&RS=""plant+holder""",https://pdfpiw.uspto.gov/.piw?Docid=D741741
 Axial piston motor or pump with an arrangement to thrust the rotor      against a shoulder of the shaft ,"http://patft.uspto.gov//netacgi/nph-Parser?Sect1=PTO2&Sect2=HITOFF&p=5&u=%2Fnetahtml%2FPTO%2Fsearch-bool.html&r=201&f=G&l=50&co1=AND&d=PTXT&s1=%22plant+holder%22&OS=""plant+holder""&RS=""plant+holder""",https://pdfpiw.uspto.gov/.piw?Docid=4896564
 Plant holder apparatus ,"http://patft.uspto.gov//netacgi/nph-Parser?Sect1=PTO2&Sect2=HITOFF&p=5&u=%2Fnetahtml%2FPTO%2Fsearch-bool.html&r=202&f=G&l=50&co1=AND&d=PTXT&s1=%22plant+holder%22&OS=""plant+holder""&RS=""plant+holder""",https://pdfpiw.uspto.gov/.piw?Docid=4882875
 Apparatus for suspending or securing objects ,"http://patft.uspto.gov//netacgi/nph-Parser?Sect1=PTO2&Sect2=HITOFF&p=5&u=%2Fnetahtml%2FPTO%2Fsearch-bool.html&r=203&f=G&l=50&co1=AND&d=PTXT&s1=%22plant+holder%22&OS=""plant+holder""&RS=""plant+holder""",https://pdfpiw.uspto.gov/.piw?Docid=4870718
 Light pole planter device ,"http://patft.uspto.gov//netacgi/nph-Parser?Sect1=PTO2&Sect2=HITOFF&p=5&u=%2Fnetahtml%2FPTO%2Fsearch-bool.html&r=204&f=G&l=50&co1=AND&d=PTXT&s1=%22plant+holder%22&OS=""plant+holder""&RS=""plant+holder""",https://pdfpiw.uspto.gov/.piw?Docid=4847741
 Combination plant holder and light globe ,"http://patft.uspto.gov//netacgi/nph-Parser?Sect1=PTO2&Sect2=HITOFF&p=5&u=%2Fnetahtml%2FPTO%2Fsearch-bool.html&r=205&f=G&l=50&co1=AND&d=PTXT&s1=%22plant+holder%22&OS=""plant+holder""&RS=""plant+holder""",https://pdfpiw.uspto.gov/.piw?Docid=4845602
 Material for multi-level flower beds ,"http://patft.uspto.gov//netacgi/nph-Parser?Sect1=PTO2&Sect2=HITOFF&p=5&u=%2Fnetahtml%2FPTO%2Fsearch-bool.html&r=206&f=G&l=50&co1=AND&d=PTXT&s1=%22plant+holder%22&OS=""plant+holder""&RS=""plant+holder""",https://pdfpiw.uspto.gov/.piw?Docid=4803806
 Flanged fence post ,"http://patft.uspto.gov//netacgi/nph-Parser?Sect1=PTO2&Sect2=HITOFF&p=5&u=%2Fnetahtml%2FPTO%2Fsearch-bool.html&r=207&f=G&l=50&co1=AND&d=PTXT&s1=%22plant+holder%22&OS=""plant+holder""&RS=""plant+holder""",https://pdfpiw.uspto.gov/.piw?Docid=4795137
 Plant holder ,"http://patft.uspto.gov//netacgi/nph-Parser?Sect1=PTO2&Sect2=HITOFF&p=5&u=%2Fnetahtml%2FPTO%2Fsearch-bool.html&r=208&f=G&l=50&co1=AND&d=PTXT&s1=%22plant+holder%22&OS=""plant+holder""&RS=""plant+holder""",https://pdfpiw.uspto.gov/.piw?Docid=D299088
 Spatial transplanter mechanism ,"http://patft.uspto.gov//netacgi/nph-Parser?Sect1=PTO2&Sect2=HITOFF&p=5&u=%2Fnetahtml%2FPTO%2Fsearch-bool.html&r=209&f=G&l=50&co1=AND&d=PTXT&s1=%22plant+holder%22&OS=""plant+holder""&RS=""plant+holder""",https://pdfpiw.uspto.gov/.piw?Docid=4788920
 Hydroponic assembly ,"http://patft.uspto.gov//netacgi/nph-Parser?Sect1=PTO2&Sect2=HITOFF&p=5&u=%2Fnetahtml%2FPTO%2Fsearch-bool.html&r=210&f=G&l=50&co1=AND&d=PTXT&s1=%22plant+holder%22&OS=""plant+holder""&RS=""plant+holder""",https://pdfpiw.uspto.gov/.piw?Docid=4780989
" Integrable, modular stackable multi-plant holder ","http://patft.uspto.gov//netacgi/nph-Parser?Sect1=PTO2&Sect2=HITOFF&p=5&u=%2Fnetahtml%2FPTO%2Fsearch-bool.html&r=211&f=G&l=50&co1=AND&d=PTXT&s1=%22plant+holder%22&OS=""plant+holder""&RS=""plant+holder""",https://pdfpiw.uspto.gov/.piw?Docid=4779378
 Potting machine ,"http://patft.uspto.gov//netacgi/nph-Parser?Sect1=PTO2&Sect2=HITOFF&p=5&u=%2Fnetahtml%2FPTO%2Fsearch-bool.html&r=212&f=G&l=50&co1=AND&d=PTXT&s1=%22plant+holder%22&OS=""plant+holder""&RS=""plant+holder""",https://pdfpiw.uspto.gov/.piw?Docid=4771569
 Wick-based liquid delivery system for plants ,"http://patft.uspto.gov//netacgi/nph-Parser?Sect1=PTO2&Sect2=HITOFF&p=5&u=%2Fnetahtml%2FPTO%2Fsearch-bool.html&r=213&f=G&l=50&co1=AND&d=PTXT&s1=%22plant+holder%22&OS=""plant+holder""&RS=""plant+holder""",https://pdfpiw.uspto.gov/.piw?Docid=4741125
 Composite plant holders and method of making them ,"http://patft.uspto.gov//netacgi/nph-Parser?Sect1=PTO2&Sect2=HITOFF&p=5&u=%2Fnetahtml%2FPTO%2Fsearch-bool.html&r=214&f=G&l=50&co1=AND&d=PTXT&s1=%22plant+holder%22&OS=""plant+holder""&RS=""plant+holder""",https://pdfpiw.uspto.gov/.piw?Docid=4702390
 Plant holder ,"http://patft.uspto.gov//netacgi/nph-Parser?Sect1=PTO2&Sect2=HITOFF&p=5&u=%2Fnetahtml%2FPTO%2Fsearch-bool.html&r=215&f=G&l=50&co1=AND&d=PTXT&s1=%22plant+holder%22&OS=""plant+holder""&RS=""plant+holder""",https://pdfpiw.uspto.gov/.piw?Docid=D292053
 Wire plant stands and tables ,"http://patft.uspto.gov//netacgi/nph-Parser?Sect1=PTO2&Sect2=HITOFF&p=5&u=%2Fnetahtml%2FPTO%2Fsearch-bool.html&r=216&f=G&l=50&co1=AND&d=PTXT&s1=%22plant+holder%22&OS=""plant+holder""&RS=""plant+holder""",https://pdfpiw.uspto.gov/.piw?Docid=4674415
 Flower saddle for tombstones ,"http://patft.uspto.gov//netacgi/nph-Parser?Sect1=PTO2&Sect2=HITOFF&p=5&u=%2Fnetahtml%2FPTO%2Fsearch-bool.html&r=217&f=G&l=50&co1=AND&d=PTXT&s1=%22plant+holder%22&OS=""plant+holder""&RS=""plant+holder""",https://pdfpiw.uspto.gov/.piw?Docid=4640045
 Plant holder ,"http://patft.uspto.gov//netacgi/nph-Parser?Sect1=PTO2&Sect2=HITOFF&p=5&u=%2Fnetahtml%2FPTO%2Fsearch-bool.html&r=218&f=G&l=50&co1=AND&d=PTXT&s1=%22plant+holder%22&OS=""plant+holder""&RS=""plant+holder""",https://pdfpiw.uspto.gov/.piw?Docid=D282704
 Cabinet ,"http://patft.uspto.gov//netacgi/nph-Parser?Sect1=PTO2&Sect2=HITOFF&p=5&u=%2Fnetahtml%2FPTO%2Fsearch-bool.html&r=219&f=G&l=50&co1=AND&d=PTXT&s1=%22plant+holder%22&OS=""plant+holder""&RS=""plant+holder""",https://pdfpiw.uspto.gov/.piw?Docid=4507893
 Apparatus for supporting a cantilevered beam from a T-shaped post ,"http://patft.uspto.gov//netacgi/nph-Parser?Sect1=PTO2&Sect2=HITOFF&p=5&u=%2Fnetahtml%2FPTO%2Fsearch-bool.html&r=220&f=G&l=50&co1=AND&d=PTXT&s1=%22plant+holder%22&OS=""plant+holder""&RS=""plant+holder""",https://pdfpiw.uspto.gov/.piw?Docid=4480403
 Window sill flower pot support ,"http://patft.uspto.gov//netacgi/nph-Parser?Sect1=PTO2&Sect2=HITOFF&p=5&u=%2Fnetahtml%2FPTO%2Fsearch-bool.html&r=221&f=G&l=50&co1=AND&d=PTXT&s1=%22plant+holder%22&OS=""plant+holder""&RS=""plant+holder""",https://pdfpiw.uspto.gov/.piw?Docid=4475306
 Plant hanger frame ,"http://patft.uspto.gov//netacgi/nph-Parser?Sect1=PTO2&Sect2=HITOFF&p=5&u=%2Fnetahtml%2FPTO%2Fsearch-bool.html&r=222&f=G&l=50&co1=AND&d=PTXT&s1=%22plant+holder%22&OS=""plant+holder""&RS=""plant+holder""",https://pdfpiw.uspto.gov/.piw?Docid=4463855
 Composite static structure ,"http://patft.uspto.gov//netacgi/nph-Parser?Sect1=PTO2&Sect2=HITOFF&p=5&u=%2Fnetahtml%2FPTO%2Fsearch-bool.html&r=223&f=G&l=50&co1=AND&d=PTXT&s1=%22plant+holder%22&OS=""plant+holder""&RS=""plant+holder""",https://pdfpiw.uspto.gov/.piw?Docid=4449348
 Device for feeding potted plants ,"http://patft.uspto.gov//netacgi/nph-Parser?Sect1=PTO2&Sect2=HITOFF&p=5&u=%2Fnetahtml%2FPTO%2Fsearch-bool.html&r=224&f=G&l=50&co1=AND&d=PTXT&s1=%22plant+holder%22&OS=""plant+holder""&RS=""plant+holder""",https://pdfpiw.uspto.gov/.piw?Docid=4420904
 Method and device for planting plants ,"http://patft.uspto.gov//netacgi/nph-Parser?Sect1=PTO2&Sect2=HITOFF&p=5&u=%2Fnetahtml%2FPTO%2Fsearch-bool.html&r=225&f=G&l=50&co1=AND&d=PTXT&s1=%22plant+holder%22&OS=""plant+holder""&RS=""plant+holder""",https://pdfpiw.uspto.gov/.piw?Docid=4404917
 Plant holder ,"http://patft.uspto.gov//netacgi/nph-Parser?Sect1=PTO2&Sect2=HITOFF&p=5&u=%2Fnetahtml%2FPTO%2Fsearch-bool.html&r=226&f=G&l=50&co1=AND&d=PTXT&s1=%22plant+holder%22&OS=""plant+holder""&RS=""plant+holder""",https://pdfpiw.uspto.gov/.piw?Docid=D268462
 Stacking containers ,"http://patft.uspto.gov//netacgi/nph-Parser?Sect1=PTO2&Sect2=HITOFF&p=5&u=%2Fnetahtml%2FPTO%2Fsearch-bool.html&r=227&f=G&l=50&co1=AND&d=PTXT&s1=%22plant+holder%22&OS=""plant+holder""&RS=""plant+holder""",https://pdfpiw.uspto.gov/.piw?Docid=4355485
 Lighted plant stand ,"http://patft.uspto.gov//netacgi/nph-Parser?Sect1=PTO2&Sect2=HITOFF&p=5&u=%2Fnetahtml%2FPTO%2Fsearch-bool.html&r=228&f=G&l=50&co1=AND&d=PTXT&s1=%22plant+holder%22&OS=""plant+holder""&RS=""plant+holder""",https://pdfpiw.uspto.gov/.piw?Docid=4349864
 Cabinet ,"http://patft.uspto.gov//netacgi/nph-Parser?Sect1=PTO2&Sect2=HITOFF&p=5&u=%2Fnetahtml%2FPTO%2Fsearch-bool.html&r=229&f=G&l=50&co1=AND&d=PTXT&s1=%22plant+holder%22&OS=""plant+holder""&RS=""plant+holder""",https://pdfpiw.uspto.gov/.piw?Docid=4341040
 Planter ,"http://patft.uspto.gov//netacgi/nph-Parser?Sect1=PTO2&Sect2=HITOFF&p=5&u=%2Fnetahtml%2FPTO%2Fsearch-bool.html&r=230&f=G&l=50&co1=AND&d=PTXT&s1=%22plant+holder%22&OS=""plant+holder""&RS=""plant+holder""",https://pdfpiw.uspto.gov/.piw?Docid=4308690
 Multi-adjustable supporting device ,"http://patft.uspto.gov//netacgi/nph-Parser?Sect1=PTO2&Sect2=HITOFF&p=5&u=%2Fnetahtml%2FPTO%2Fsearch-bool.html&r=231&f=G&l=50&co1=AND&d=PTXT&s1=%22plant+holder%22&OS=""plant+holder""&RS=""plant+holder""",https://pdfpiw.uspto.gov/.piw?Docid=4306280
 Cabinet ,"http://patft.uspto.gov//netacgi/nph-Parser?Sect1=PTO2&Sect2=HITOFF&p=5&u=%2Fnetahtml%2FPTO%2Fsearch-bool.html&r=232&f=G&l=50&co1=AND&d=PTXT&s1=%22plant+holder%22&OS=""plant+holder""&RS=""plant+holder""",https://pdfpiw.uspto.gov/.piw?Docid=4260206
 Air plant support device ,"http://patft.uspto.gov//netacgi/nph-Parser?Sect1=PTO2&Sect2=HITOFF&p=5&u=%2Fnetahtml%2FPTO%2Fsearch-bool.html&r=233&f=G&l=50&co1=AND&d=PTXT&s1=%22plant+holder%22&OS=""plant+holder""&RS=""plant+holder""",https://pdfpiw.uspto.gov/.piw?Docid=4215514
 Planter or the like ,"http://patft.uspto.gov//netacgi/nph-Parser?Sect1=PTO2&Sect2=HITOFF&p=5&u=%2Fnetahtml%2FPTO%2Fsearch-bool.html&r=234&f=G&l=50&co1=AND&d=PTXT&s1=%22plant+holder%22&OS=""plant+holder""&RS=""plant+holder""",https://pdfpiw.uspto.gov/.piw?Docid=D255410
 Convertible furniture article ,"http://patft.uspto.gov//netacgi/nph-Parser?Sect1=PTO2&Sect2=HITOFF&p=5&u=%2Fnetahtml%2FPTO%2Fsearch-bool.html&r=235&f=G&l=50&co1=AND&d=PTXT&s1=%22plant+holder%22&OS=""plant+holder""&RS=""plant+holder""",https://pdfpiw.uspto.gov/.piw?Docid=4205876
 Potted plant support ,"http://patft.uspto.gov//netacgi/nph-Parser?Sect1=PTO2&Sect2=HITOFF&p=5&u=%2Fnetahtml%2FPTO%2Fsearch-bool.html&r=236&f=G&l=50&co1=AND&d=PTXT&s1=%22plant+holder%22&OS=""plant+holder""&RS=""plant+holder""",https://pdfpiw.uspto.gov/.piw?Docid=4194319
 Plant holder ,"http://patft.uspto.gov//netacgi/nph-Parser?Sect1=PTO2&Sect2=HITOFF&p=5&u=%2Fnetahtml%2FPTO%2Fsearch-bool.html&r=237&f=G&l=50&co1=AND&d=PTXT&s1=%22plant+holder%22&OS=""plant+holder""&RS=""plant+holder""",https://pdfpiw.uspto.gov/.piw?Docid=D254194
 Potted plant stand ,"http://patft.uspto.gov//netacgi/nph-Parser?Sect1=PTO2&Sect2=HITOFF&p=5&u=%2Fnetahtml%2FPTO%2Fsearch-bool.html&r=238&f=G&l=50&co1=AND&d=PTXT&s1=%22plant+holder%22&OS=""plant+holder""&RS=""plant+holder""",https://pdfpiw.uspto.gov/.piw?Docid=D251764
 Hanging plant holder ,"http://patft.uspto.gov//netacgi/nph-Parser?Sect1=PTO2&Sect2=HITOFF&p=5&u=%2Fnetahtml%2FPTO%2Fsearch-bool.html&r=239&f=G&l=50&co1=AND&d=PTXT&s1=%22plant+holder%22&OS=""plant+holder""&RS=""plant+holder""",https://pdfpiw.uspto.gov/.piw?Docid=4149339
 Planting machine ,"http://patft.uspto.gov//netacgi/nph-Parser?Sect1=PTO2&Sect2=HITOFF&p=5&u=%2Fnetahtml%2FPTO%2Fsearch-bool.html&r=240&f=G&l=50&co1=AND&d=PTXT&s1=%22plant+holder%22&OS=""plant+holder""&RS=""plant+holder""",https://pdfpiw.uspto.gov/.piw?Docid=4111135
 Horticultural improvements ,"http://patft.uspto.gov//netacgi/nph-Parser?Sect1=PTO2&Sect2=HITOFF&p=5&u=%2Fnetahtml%2FPTO%2Fsearch-bool.html&r=241&f=G&l=50&co1=AND&d=PTXT&s1=%22plant+holder%22&OS=""plant+holder""&RS=""plant+holder""",https://pdfpiw.uspto.gov/.piw?Docid=4106235
 Combined beverage glasses and holder therefor ,"http://patft.uspto.gov//netacgi/nph-Parser?Sect1=PTO2&Sect2=HITOFF&p=5&u=%2Fnetahtml%2FPTO%2Fsearch-bool.html&r=242&f=G&l=50&co1=AND&d=PTXT&s1=%22plant+holder%22&OS=""plant+holder""&RS=""plant+holder""",https://pdfpiw.uspto.gov/.piw?Docid=D248714
 Window box planter with tool-free quick set-up and hanging adjustment ,"http://patft.uspto.gov//netacgi/nph-Parser?Sect1=PTO2&Sect2=HITOFF&p=5&u=%2Fnetahtml%2FPTO%2Fsearch-bool.html&r=243&f=G&l=50&co1=AND&d=PTXT&s1=%22plant+holder%22&OS=""plant+holder""&RS=""plant+holder""",https://pdfpiw.uspto.gov/.piw?Docid=4048754
 Plant holder and anchor for orchid plants and the like ,"http://patft.uspto.gov//netacgi/nph-Parser?Sect1=PTO2&Sect2=HITOFF&p=5&u=%2Fnetahtml%2FPTO%2Fsearch-bool.html&r=244&f=G&l=50&co1=AND&d=PTXT&s1=%22plant+holder%22&OS=""plant+holder""&RS=""plant+holder""",https://pdfpiw.uspto.gov/.piw?Docid=4040208
 Terrarium planting implement ,"http://patft.uspto.gov//netacgi/nph-Parser?Sect1=PTO2&Sect2=HITOFF&p=5&u=%2Fnetahtml%2FPTO%2Fsearch-bool.html&r=245&f=G&l=50&co1=AND&d=PTXT&s1=%22plant+holder%22&OS=""plant+holder""&RS=""plant+holder""",https://pdfpiw.uspto.gov/.piw?Docid=4033618
 Hydroponic cultivation apparatus ,"http://patft.uspto.gov//netacgi/nph-Parser?Sect1=PTO2&Sect2=HITOFF&p=5&u=%2Fnetahtml%2FPTO%2Fsearch-bool.html&r=246&f=G&l=50&co1=AND&d=PTXT&s1=%22plant+holder%22&OS=""plant+holder""&RS=""plant+holder""",https://pdfpiw.uspto.gov/.piw?Docid=4033072
 Apparatus for producing plants ,"http://patft.uspto.gov//netacgi/nph-Parser?Sect1=PTO2&Sect2=HITOFF&p=5&u=%2Fnetahtml%2FPTO%2Fsearch-bool.html&r=247&f=G&l=50&co1=AND&d=PTXT&s1=%22plant+holder%22&OS=""plant+holder""&RS=""plant+holder""",https://pdfpiw.uspto.gov/.piw?Docid=4028847
 Plant holder and process for producing the same ,"http://patft.uspto.gov//netacgi/nph-Parser?Sect1=PTO2&Sect2=HITOFF&p=5&u=%2Fnetahtml%2FPTO%2Fsearch-bool.html&r=248&f=G&l=50&co1=AND&d=PTXT&s1=%22plant+holder%22&OS=""plant+holder""&RS=""plant+holder""",https://pdfpiw.uspto.gov/.piw?Docid=3961445
 Moisture retainable soil covering with integral fertilizing capabilities ,"http://patft.uspto.gov//netacgi/nph-Parser?Sect1=PTO2&Sect2=HITOFF&p=5&u=%2Fnetahtml%2FPTO%2Fsearch-bool.html&r=249&f=G&l=50&co1=AND&d=PTXT&s1=%22plant+holder%22&OS=""plant+holder""&RS=""plant+holder""",https://pdfpiw.uspto.gov/.piw?Docid=3940884
Plant support assembly ,"http://patft.uspto.gov//netacgi/nph-Parser?Sect1=PTO2&Sect2=HITOFF&p=2&u=%2Fnetahtml%2FPTO%2Fsearch-bool.html&r=51&f=G&l=50&co1=AND&d=PTXT&s1=%22plant+holder%22&OS=""plant+holder""&RS=""plant+holder""",https://pdfpiw.uspto.gov/.piw?Docid=9167753
Smart antenna systems for reception of digital television signals ,"http://patft.uspto.gov//netacgi/nph-Parser?Sect1=PTO2&Sect2=HITOFF&p=2&u=%2Fnetahtml%2FPTO%2Fsearch-bool.html&r=52&f=G&l=50&co1=AND&d=PTXT&s1=%22plant+holder%22&OS=""plant+holder""&RS=""plant+holder""",https://pdfpiw.uspto.gov/.piw?Docid=9024839
Adjustable water retention device for a plant pot ,"http://patft.uspto.gov//netacgi/nph-Parser?Sect1=PTO2&Sect2=HITOFF&p=2&u=%2Fnetahtml%2FPTO%2Fsearch-bool.html&r=53&f=G&l=50&co1=AND&d=PTXT&s1=%22plant+holder%22&OS=""plant+holder""&RS=""plant+holder""",https://pdfpiw.uspto.gov/.piw?Docid=9010021
Potted plant holder ,"http://patft.uspto.gov//netacgi/nph-Parser?Sect1=PTO2&Sect2=HITOFF&p=2&u=%2Fnetahtml%2FPTO%2Fsearch-bool.html&r=54&f=G&l=50&co1=AND&d=PTXT&s1=%22plant+holder%22&OS=""plant+holder""&RS=""plant+holder""",https://pdfpiw.uspto.gov/.piw?Docid=D726585
Systems and methods to activate a security protocol using an object with      embedded safety technology ,"http://patft.uspto.gov//netacgi/nph-Parser?Sect1=PTO2&Sect2=HITOFF&p=2&u=%2Fnetahtml%2FPTO%2Fsearch-bool.html&r=55&f=G&l=50&co1=AND&d=PTXT&s1=%22plant+holder%22&OS=""plant+holder""&RS=""plant+holder""",https://pdfpiw.uspto.gov/.piw?Docid=8994530
Stackable holder or planter for potted plants ,"http://patft.uspto.gov//netacgi/nph-Parser?Sect1=PTO2&Sect2=HITOFF&p=2&u=%2Fnetahtml%2FPTO%2Fsearch-bool.html&r=56&f=G&l=50&co1=AND&d=PTXT&s1=%22plant+holder%22&OS=""plant+holder""&RS=""plant+holder""",https://pdfpiw.uspto.gov/.piw?Docid=8978294
System for wastewater treatment using aquatic plants ,"http://patft.uspto.gov//netacgi/nph-Parser?Sect1=PTO2&Sect2=HITOFF&p=2&u=%2Fnetahtml%2FPTO%2Fsearch-bool.html&r=57&f=G&l=50&co1=AND&d=PTXT&s1=%22plant+holder%22&OS=""plant+holder""&RS=""plant+holder""",https://pdfpiw.uspto.gov/.piw?Docid=8889006
Potted plant lock ,"http://patft.uspto.gov//netacgi/nph-Parser?Sect1=PTO2&Sect2=HITOFF&p=2&u=%2Fnetahtml%2FPTO%2Fsearch-bool.html&r=58&f=G&l=50&co1=AND&d=PTXT&s1=%22plant+holder%22&OS=""plant+holder""&RS=""plant+holder""",https://pdfpiw.uspto.gov/.piw?Docid=8745921
Gully assembly ,"http://patft.uspto.gov//netacgi/nph-Parser?Sect1=PTO2&Sect2=HITOFF&p=2&u=%2Fnetahtml%2FPTO%2Fsearch-bool.html&r=59&f=G&l=50&co1=AND&d=PTXT&s1=%22plant+holder%22&OS=""plant+holder""&RS=""plant+holder""",https://pdfpiw.uspto.gov/.piw?Docid=8714876
Smart antenna systems suitable for reception of digital television signals ,"http://patft.uspto.gov//netacgi/nph-Parser?Sect1=PTO2&Sect2=HITOFF&p=2&u=%2Fnetahtml%2FPTO%2Fsearch-bool.html&r=60&f=G&l=50&co1=AND&d=PTXT&s1=%22plant+holder%22&OS=""plant+holder""&RS=""plant+holder""",https://pdfpiw.uspto.gov/.piw?Docid=8648770
Vertical hanging fabric plant container ,"http://patft.uspto.gov//netacgi/nph-Parser?Sect1=PTO2&Sect2=HITOFF&p=2&u=%2Fnetahtml%2FPTO%2Fsearch-bool.html&r=61&f=G&l=50&co1=AND&d=PTXT&s1=%22plant+holder%22&OS=""plant+holder""&RS=""plant+holder""",https://pdfpiw.uspto.gov/.piw?Docid=8567122
Fabric plant container ,"http://patft.uspto.gov//netacgi/nph-Parser?Sect1=PTO2&Sect2=HITOFF&p=2&u=%2Fnetahtml%2FPTO%2Fsearch-bool.html&r=62&f=G&l=50&co1=AND&d=PTXT&s1=%22plant+holder%22&OS=""plant+holder""&RS=""plant+holder""",https://pdfpiw.uspto.gov/.piw?Docid=8528250
Wreath plant holder ,"http://patft.uspto.gov//netacgi/nph-Parser?Sect1=PTO2&Sect2=HITOFF&p=2&u=%2Fnetahtml%2FPTO%2Fsearch-bool.html&r=63&f=G&l=50&co1=AND&d=PTXT&s1=%22plant+holder%22&OS=""plant+holder""&RS=""plant+holder""",https://pdfpiw.uspto.gov/.piw?Docid=D686939
Hanging stacked plant holders and watering systems ,"http://patft.uspto.gov//netacgi/nph-Parser?Sect1=PTO2&Sect2=HITOFF&p=2&u=%2Fnetahtml%2FPTO%2Fsearch-bool.html&r=64&f=G&l=50&co1=AND&d=PTXT&s1=%22plant+holder%22&OS=""plant+holder""&RS=""plant+holder""",https://pdfpiw.uspto.gov/.piw?Docid=8418403
Plant watering system ,"http://patft.uspto.gov//netacgi/nph-Parser?Sect1=PTO2&Sect2=HITOFF&p=2&u=%2Fnetahtml%2FPTO%2Fsearch-bool.html&r=65&f=G&l=50&co1=AND&d=PTXT&s1=%22plant+holder%22&OS=""plant+holder""&RS=""plant+holder""",https://pdfpiw.uspto.gov/.piw?Docid=8408229
Plant growing assembly ,"http://patft.uspto.gov//netacgi/nph-Parser?Sect1=PTO2&Sect2=HITOFF&p=2&u=%2Fnetahtml%2FPTO%2Fsearch-bool.html&r=66&f=G&l=50&co1=AND&d=PTXT&s1=%22plant+holder%22&OS=""plant+holder""&RS=""plant+holder""",https://pdfpiw.uspto.gov/.piw?Docid=8234814
Potted plant holder assembly ,"http://patft.uspto.gov//netacgi/nph-Parser?Sect1=PTO2&Sect2=HITOFF&p=2&u=%2Fnetahtml%2FPTO%2Fsearch-bool.html&r=67&f=G&l=50&co1=AND&d=PTXT&s1=%22plant+holder%22&OS=""plant+holder""&RS=""plant+holder""",https://pdfpiw.uspto.gov/.piw?Docid=8201783
Two piece plant container with water reservoir ,"http://patft.uspto.gov//netacgi/nph-Parser?Sect1=PTO2&Sect2=HITOFF&p=2&u=%2Fnetahtml%2FPTO%2Fsearch-bool.html&r=68&f=G&l=50&co1=AND&d=PTXT&s1=%22plant+holder%22&OS=""plant+holder""&RS=""plant+holder""",https://pdfpiw.uspto.gov/.piw?Docid=8065834
Triple plant holder ,"http://patft.uspto.gov//netacgi/nph-Parser?Sect1=PTO2&Sect2=HITOFF&p=2&u=%2Fnetahtml%2FPTO%2Fsearch-bool.html&r=69&f=G&l=50&co1=AND&d=PTXT&s1=%22plant+holder%22&OS=""plant+holder""&RS=""plant+holder""",https://pdfpiw.uspto.gov/.piw?Docid=D648957
Wall-mounted decorative article holder ,"http://patft.uspto.gov//netacgi/nph-Parser?Sect1=PTO2&Sect2=HITOFF&p=2&u=%2Fnetahtml%2FPTO%2Fsearch-bool.html&r=70&f=G&l=50&co1=AND&d=PTXT&s1=%22plant+holder%22&OS=""plant+holder""&RS=""plant+holder""",https://pdfpiw.uspto.gov/.piw?Docid=D644470
Wall-mounted decorative article holder ,"http://patft.uspto.gov//netacgi/nph-Parser?Sect1=PTO2&Sect2=HITOFF&p=2&u=%2Fnetahtml%2FPTO%2Fsearch-bool.html&r=71&f=G&l=50&co1=AND&d=PTXT&s1=%22plant+holder%22&OS=""plant+holder""&RS=""plant+holder""",https://pdfpiw.uspto.gov/.piw?Docid=D643660
Apparatus for growing plants ,"http://patft.uspto.gov//netacgi/nph-Parser?Sect1=PTO2&Sect2=HITOFF&p=2&u=%2Fnetahtml%2FPTO%2Fsearch-bool.html&r=72&f=G&l=50&co1=AND&d=PTXT&s1=%22plant+holder%22&OS=""plant+holder""&RS=""plant+holder""",https://pdfpiw.uspto.gov/.piw?Docid=7984586
Deck and pier accessories and mounting assemblies ,"http://patft.uspto.gov//netacgi/nph-Parser?Sect1=PTO2&Sect2=HITOFF&p=2&u=%2Fnetahtml%2FPTO%2Fsearch-bool.html&r=73&f=G&l=50&co1=AND&d=PTXT&s1=%22plant+holder%22&OS=""plant+holder""&RS=""plant+holder""",https://pdfpiw.uspto.gov/.piw?Docid=7874529
Apparatus for growing plants ,"http://patft.uspto.gov//netacgi/nph-Parser?Sect1=PTO2&Sect2=HITOFF&p=2&u=%2Fnetahtml%2FPTO%2Fsearch-bool.html&r=74&f=G&l=50&co1=AND&d=PTXT&s1=%22plant+holder%22&OS=""plant+holder""&RS=""plant+holder""",https://pdfpiw.uspto.gov/.piw?Docid=7818917
Bucket hanger ,"http://patft.uspto.gov//netacgi/nph-Parser?Sect1=PTO2&Sect2=HITOFF&p=2&u=%2Fnetahtml%2FPTO%2Fsearch-bool.html&r=75&f=G&l=50&co1=AND&d=PTXT&s1=%22plant+holder%22&OS=""plant+holder""&RS=""plant+holder""",https://pdfpiw.uspto.gov/.piw?Docid=7789358
Telescopic light base for coupling to diverse plant containers ,"http://patft.uspto.gov//netacgi/nph-Parser?Sect1=PTO2&Sect2=HITOFF&p=2&u=%2Fnetahtml%2FPTO%2Fsearch-bool.html&r=76&f=G&l=50&co1=AND&d=PTXT&s1=%22plant+holder%22&OS=""plant+holder""&RS=""plant+holder""",https://pdfpiw.uspto.gov/.piw?Docid=7699487
Moisture absorbing and water transferring self watering structured      stackable plant containers ,"http://patft.uspto.gov//netacgi/nph-Parser?Sect1=PTO2&Sect2=HITOFF&p=2&u=%2Fnetahtml%2FPTO%2Fsearch-bool.html&r=77&f=G&l=50&co1=AND&d=PTXT&s1=%22plant+holder%22&OS=""plant+holder""&RS=""plant+holder""",https://pdfpiw.uspto.gov/.piw?Docid=7690151
Planter ,"http://patft.uspto.gov//netacgi/nph-Parser?Sect1=PTO2&Sect2=HITOFF&p=2&u=%2Fnetahtml%2FPTO%2Fsearch-bool.html&r=78&f=G&l=50&co1=AND&d=PTXT&s1=%22plant+holder%22&OS=""plant+holder""&RS=""plant+holder""",https://pdfpiw.uspto.gov/.piw?Docid=7690150
Modular structural system ,"http://patft.uspto.gov//netacgi/nph-Parser?Sect1=PTO2&Sect2=HITOFF&p=2&u=%2Fnetahtml%2FPTO%2Fsearch-bool.html&r=79&f=G&l=50&co1=AND&d=PTXT&s1=%22plant+holder%22&OS=""plant+holder""&RS=""plant+holder""",https://pdfpiw.uspto.gov/.piw?Docid=7677010
Garden planter having integrated irrigation and illumination systems ,"http://patft.uspto.gov//netacgi/nph-Parser?Sect1=PTO2&Sect2=HITOFF&p=2&u=%2Fnetahtml%2FPTO%2Fsearch-bool.html&r=80&f=G&l=50&co1=AND&d=PTXT&s1=%22plant+holder%22&OS=""plant+holder""&RS=""plant+holder""",https://pdfpiw.uspto.gov/.piw?Docid=7654038
Corner potted plant holder ,"http://patft.uspto.gov//netacgi/nph-Parser?Sect1=PTO2&Sect2=HITOFF&p=2&u=%2Fnetahtml%2FPTO%2Fsearch-bool.html&r=81&f=G&l=50&co1=AND&d=PTXT&s1=%22plant+holder%22&OS=""plant+holder""&RS=""plant+holder""",https://pdfpiw.uspto.gov/.piw?Docid=7631844
Method for separating rosette plants ,"http://patft.uspto.gov//netacgi/nph-Parser?Sect1=PTO2&Sect2=HITOFF&p=2&u=%2Fnetahtml%2FPTO%2Fsearch-bool.html&r=82&f=G&l=50&co1=AND&d=PTXT&s1=%22plant+holder%22&OS=""plant+holder""&RS=""plant+holder""",https://pdfpiw.uspto.gov/.piw?Docid=7614182
Automatic watering apparatus for houseplants ,"http://patft.uspto.gov//netacgi/nph-Parser?Sect1=PTO2&Sect2=HITOFF&p=2&u=%2Fnetahtml%2FPTO%2Fsearch-bool.html&r=83&f=G&l=50&co1=AND&d=PTXT&s1=%22plant+holder%22&OS=""plant+holder""&RS=""plant+holder""",https://pdfpiw.uspto.gov/.piw?Docid=7607257
Method and apparatus for growing plants ,"http://patft.uspto.gov//netacgi/nph-Parser?Sect1=PTO2&Sect2=HITOFF&p=2&u=%2Fnetahtml%2FPTO%2Fsearch-bool.html&r=84&f=G&l=50&co1=AND&d=PTXT&s1=%22plant+holder%22&OS=""plant+holder""&RS=""plant+holder""",https://pdfpiw.uspto.gov/.piw?Docid=7533493
Illuminated plant holder ,"http://patft.uspto.gov//netacgi/nph-Parser?Sect1=PTO2&Sect2=HITOFF&p=2&u=%2Fnetahtml%2FPTO%2Fsearch-bool.html&r=85&f=G&l=50&co1=AND&d=PTXT&s1=%22plant+holder%22&OS=""plant+holder""&RS=""plant+holder""",https://pdfpiw.uspto.gov/.piw?Docid=7533492
Planting apparatus and method ,"http://patft.uspto.gov//netacgi/nph-Parser?Sect1=PTO2&Sect2=HITOFF&p=2&u=%2Fnetahtml%2FPTO%2Fsearch-bool.html&r=86&f=G&l=50&co1=AND&d=PTXT&s1=%22plant+holder%22&OS=""plant+holder""&RS=""plant+holder""",https://pdfpiw.uspto.gov/.piw?Docid=7472659
Enhancer device for enhancing the utility of a user's bed ,"http://patft.uspto.gov//netacgi/nph-Parser?Sect1=PTO2&Sect2=HITOFF&p=2&u=%2Fnetahtml%2FPTO%2Fsearch-bool.html&r=87&f=G&l=50&co1=AND&d=PTXT&s1=%22plant+holder%22&OS=""plant+holder""&RS=""plant+holder""",https://pdfpiw.uspto.gov/.piw?Docid=7451509
Diamond shaped plant holder ,"http://patft.uspto.gov//netacgi/nph-Parser?Sect1=PTO2&Sect2=HITOFF&p=2&u=%2Fnetahtml%2FPTO%2Fsearch-bool.html&r=88&f=G&l=50&co1=AND&d=PTXT&s1=%22plant+holder%22&OS=""plant+holder""&RS=""plant+holder""",https://pdfpiw.uspto.gov/.piw?Docid=D579230
Reversible hanging plant support ,"http://patft.uspto.gov//netacgi/nph-Parser?Sect1=PTO2&Sect2=HITOFF&p=2&u=%2Fnetahtml%2FPTO%2Fsearch-bool.html&r=89&f=G&l=50&co1=AND&d=PTXT&s1=%22plant+holder%22&OS=""plant+holder""&RS=""plant+holder""",https://pdfpiw.uspto.gov/.piw?Docid=7406799
Plant and room illumination apparatus ,"http://patft.uspto.gov//netacgi/nph-Parser?Sect1=PTO2&Sect2=HITOFF&p=2&u=%2Fnetahtml%2FPTO%2Fsearch-bool.html&r=90&f=G&l=50&co1=AND&d=PTXT&s1=%22plant+holder%22&OS=""plant+holder""&RS=""plant+holder""",https://pdfpiw.uspto.gov/.piw?Docid=7393116
Planter with folding legs ,"http://patft.uspto.gov//netacgi/nph-Parser?Sect1=PTO2&Sect2=HITOFF&p=2&u=%2Fnetahtml%2FPTO%2Fsearch-bool.html&r=91&f=G&l=50&co1=AND&d=PTXT&s1=%22plant+holder%22&OS=""plant+holder""&RS=""plant+holder""",https://pdfpiw.uspto.gov/.piw?Docid=7340859
Collapsible decorative structure ,"http://patft.uspto.gov//netacgi/nph-Parser?Sect1=PTO2&Sect2=HITOFF&p=2&u=%2Fnetahtml%2FPTO%2Fsearch-bool.html&r=92&f=G&l=50&co1=AND&d=PTXT&s1=%22plant+holder%22&OS=""plant+holder""&RS=""plant+holder""",https://pdfpiw.uspto.gov/.piw?Docid=7320816
Plant holder ,"http://patft.uspto.gov//netacgi/nph-Parser?Sect1=PTO2&Sect2=HITOFF&p=2&u=%2Fnetahtml%2FPTO%2Fsearch-bool.html&r=93&f=G&l=50&co1=AND&d=PTXT&s1=%22plant+holder%22&OS=""plant+holder""&RS=""plant+holder""",https://pdfpiw.uspto.gov/.piw?Docid=D556627
Mounting board of a wall mounted plant holder ,"http://patft.uspto.gov//netacgi/nph-Parser?Sect1=PTO2&Sect2=HITOFF&p=2&u=%2Fnetahtml%2FPTO%2Fsearch-bool.html&r=94&f=G&l=50&co1=AND&d=PTXT&s1=%22plant+holder%22&OS=""plant+holder""&RS=""plant+holder""",https://pdfpiw.uspto.gov/.piw?Docid=D541092
Mounting board of a wall mounted plant holder ,"http://patft.uspto.gov//netacgi/nph-Parser?Sect1=PTO2&Sect2=HITOFF&p=2&u=%2Fnetahtml%2FPTO%2Fsearch-bool.html&r=95&f=G&l=50&co1=AND&d=PTXT&s1=%22plant+holder%22&OS=""plant+holder""&RS=""plant+holder""",https://pdfpiw.uspto.gov/.piw?Docid=D541091
Mounting board of a wall mounted plant holder ,"http://patft.uspto.gov//netacgi/nph-Parser?Sect1=PTO2&Sect2=HITOFF&p=2&u=%2Fnetahtml%2FPTO%2Fsearch-bool.html&r=96&f=G&l=50&co1=AND&d=PTXT&s1=%22plant+holder%22&OS=""plant+holder""&RS=""plant+holder""",https://pdfpiw.uspto.gov/.piw?Docid=D540600
Planting apparatus and method ,"http://patft.uspto.gov//netacgi/nph-Parser?Sect1=PTO2&Sect2=HITOFF&p=2&u=%2Fnetahtml%2FPTO%2Fsearch-bool.html&r=97&f=G&l=50&co1=AND&d=PTXT&s1=%22plant+holder%22&OS=""plant+holder""&RS=""plant+holder""",https://pdfpiw.uspto.gov/.piw?Docid=7197992
Gazebo planter ,"http://patft.uspto.gov//netacgi/nph-Parser?Sect1=PTO2&Sect2=HITOFF&p=2&u=%2Fnetahtml%2FPTO%2Fsearch-bool.html&r=98&f=G&l=50&co1=AND&d=PTXT&s1=%22plant+holder%22&OS=""plant+holder""&RS=""plant+holder""",https://pdfpiw.uspto.gov/.piw?Docid=D538706
Self-supporting plant holder ,"http://patft.uspto.gov//netacgi/nph-Parser?Sect1=PTO2&Sect2=HITOFF&p=2&u=%2Fnetahtml%2FPTO%2Fsearch-bool.html&r=99&f=G&l=50&co1=AND&d=PTXT&s1=%22plant+holder%22&OS=""plant+holder""&RS=""plant+holder""",https://pdfpiw.uspto.gov/.piw?Docid=7143543
Arched potted-plant holder ,"http://patft.uspto.gov//netacgi/nph-Parser?Sect1=PTO2&Sect2=HITOFF&p=2&u=%2Fnetahtml%2FPTO%2Fsearch-bool.html&r=100&f=G&l=50&co1=AND&d=PTXT&s1=%22plant+holder%22&OS=""plant+holder""&RS=""plant+holder""",https://pdfpiw.uspto.gov/.piw?Docid=D529308
Flora integrated cover for toilet tools ,"http://patft.uspto.gov//netacgi/nph-Parser?Sect1=PTO2&Sect2=HITOFF&p=3&u=%2Fnetahtml%2FPTO%2Fsearch-bool.html&r=101&f=G&l=50&co1=AND&d=PTXT&s1=%22plant+holder%22&OS=""plant+holder""&RS=""plant+holder""",https://pdfpiw.uspto.gov/.piw?Docid=7058993
Unbreakable flexible live plant holder with desired drainage flow ,"http://patft.uspto.gov//netacgi/nph-Parser?Sect1=PTO2&Sect2=HITOFF&p=3&u=%2Fnetahtml%2FPTO%2Fsearch-bool.html&r=102&f=G&l=50&co1=AND&d=PTXT&s1=%22plant+holder%22&OS=""plant+holder""&RS=""plant+holder""",https://pdfpiw.uspto.gov/.piw?Docid=7047691
Reversible hanging plant support ,"http://patft.uspto.gov//netacgi/nph-Parser?Sect1=PTO2&Sect2=HITOFF&p=3&u=%2Fnetahtml%2FPTO%2Fsearch-bool.html&r=103&f=G&l=50&co1=AND&d=PTXT&s1=%22plant+holder%22&OS=""plant+holder""&RS=""plant+holder""",https://pdfpiw.uspto.gov/.piw?Docid=7020999
Retainer for preventing tipping of flower pot ,"http://patft.uspto.gov//netacgi/nph-Parser?Sect1=PTO2&Sect2=HITOFF&p=3&u=%2Fnetahtml%2FPTO%2Fsearch-bool.html&r=104&f=G&l=50&co1=AND&d=PTXT&s1=%22plant+holder%22&OS=""plant+holder""&RS=""plant+holder""",https://pdfpiw.uspto.gov/.piw?Docid=7013598
Molded body for improving cultivation conditions for plants ,"http://patft.uspto.gov//netacgi/nph-Parser?Sect1=PTO2&Sect2=HITOFF&p=3&u=%2Fnetahtml%2FPTO%2Fsearch-bool.html&r=105&f=G&l=50&co1=AND&d=PTXT&s1=%22plant+holder%22&OS=""plant+holder""&RS=""plant+holder""",https://pdfpiw.uspto.gov/.piw?Docid=7000351
Planting apparatus and method ,"http://patft.uspto.gov//netacgi/nph-Parser?Sect1=PTO2&Sect2=HITOFF&p=3&u=%2Fnetahtml%2FPTO%2Fsearch-bool.html&r=106&f=G&l=50&co1=AND&d=PTXT&s1=%22plant+holder%22&OS=""plant+holder""&RS=""plant+holder""",https://pdfpiw.uspto.gov/.piw?Docid=6997120
 Aquatic planting process and related plant and seed holders ,"http://patft.uspto.gov//netacgi/nph-Parser?Sect1=PTO2&Sect2=HITOFF&p=3&u=%2Fnetahtml%2FPTO%2Fsearch-bool.html&r=107&f=G&l=50&co1=AND&d=PTXT&s1=%22plant+holder%22&OS=""plant+holder""&RS=""plant+holder""",https://pdfpiw.uspto.gov/.piw?Docid=6973752
 Planting machine and method ,"http://patft.uspto.gov//netacgi/nph-Parser?Sect1=PTO2&Sect2=HITOFF&p=3&u=%2Fnetahtml%2FPTO%2Fsearch-bool.html&r=108&f=G&l=50&co1=AND&d=PTXT&s1=%22plant+holder%22&OS=""plant+holder""&RS=""plant+holder""",https://pdfpiw.uspto.gov/.piw?Docid=6941880
 Object hanger ,"http://patft.uspto.gov//netacgi/nph-Parser?Sect1=PTO2&Sect2=HITOFF&p=3&u=%2Fnetahtml%2FPTO%2Fsearch-bool.html&r=109&f=G&l=50&co1=AND&d=PTXT&s1=%22plant+holder%22&OS=""plant+holder""&RS=""plant+holder""",https://pdfpiw.uspto.gov/.piw?Docid=6941698
 Plant support system ,"http://patft.uspto.gov//netacgi/nph-Parser?Sect1=PTO2&Sect2=HITOFF&p=3&u=%2Fnetahtml%2FPTO%2Fsearch-bool.html&r=110&f=G&l=50&co1=AND&d=PTXT&s1=%22plant+holder%22&OS=""plant+holder""&RS=""plant+holder""",https://pdfpiw.uspto.gov/.piw?Docid=6912809
 Multi-plant hanger ,"http://patft.uspto.gov//netacgi/nph-Parser?Sect1=PTO2&Sect2=HITOFF&p=3&u=%2Fnetahtml%2FPTO%2Fsearch-bool.html&r=111&f=G&l=50&co1=AND&d=PTXT&s1=%22plant+holder%22&OS=""plant+holder""&RS=""plant+holder""",https://pdfpiw.uspto.gov/.piw?Docid=D506160
 Combination planter ,"http://patft.uspto.gov//netacgi/nph-Parser?Sect1=PTO2&Sect2=HITOFF&p=3&u=%2Fnetahtml%2FPTO%2Fsearch-bool.html&r=112&f=G&l=50&co1=AND&d=PTXT&s1=%22plant+holder%22&OS=""plant+holder""&RS=""plant+holder""",https://pdfpiw.uspto.gov/.piw?Docid=6901700
 Collapsible container ,"http://patft.uspto.gov//netacgi/nph-Parser?Sect1=PTO2&Sect2=HITOFF&p=3&u=%2Fnetahtml%2FPTO%2Fsearch-bool.html&r=113&f=G&l=50&co1=AND&d=PTXT&s1=%22plant+holder%22&OS=""plant+holder""&RS=""plant+holder""",https://pdfpiw.uspto.gov/.piw?Docid=6892895
 Plant over-watering protective drainage article ,"http://patft.uspto.gov//netacgi/nph-Parser?Sect1=PTO2&Sect2=HITOFF&p=3&u=%2Fnetahtml%2FPTO%2Fsearch-bool.html&r=114&f=G&l=50&co1=AND&d=PTXT&s1=%22plant+holder%22&OS=""plant+holder""&RS=""plant+holder""",https://pdfpiw.uspto.gov/.piw?Docid=6748697
 Decorative wreath ,"http://patft.uspto.gov//netacgi/nph-Parser?Sect1=PTO2&Sect2=HITOFF&p=3&u=%2Fnetahtml%2FPTO%2Fsearch-bool.html&r=115&f=G&l=50&co1=AND&d=PTXT&s1=%22plant+holder%22&OS=""plant+holder""&RS=""plant+holder""",https://pdfpiw.uspto.gov/.piw?Docid=6667079
 Aquatic planting process and related plant holders ,"http://patft.uspto.gov//netacgi/nph-Parser?Sect1=PTO2&Sect2=HITOFF&p=3&u=%2Fnetahtml%2FPTO%2Fsearch-bool.html&r=116&f=G&l=50&co1=AND&d=PTXT&s1=%22plant+holder%22&OS=""plant+holder""&RS=""plant+holder""",https://pdfpiw.uspto.gov/.piw?Docid=6665981
 Collapsible water reservoir pot ,"http://patft.uspto.gov//netacgi/nph-Parser?Sect1=PTO2&Sect2=HITOFF&p=3&u=%2Fnetahtml%2FPTO%2Fsearch-bool.html&r=117&f=G&l=50&co1=AND&d=PTXT&s1=%22plant+holder%22&OS=""plant+holder""&RS=""plant+holder""",https://pdfpiw.uspto.gov/.piw?Docid=6643978
 Expandable stinger planter ,"http://patft.uspto.gov//netacgi/nph-Parser?Sect1=PTO2&Sect2=HITOFF&p=3&u=%2Fnetahtml%2FPTO%2Fsearch-bool.html&r=118&f=G&l=50&co1=AND&d=PTXT&s1=%22plant+holder%22&OS=""plant+holder""&RS=""plant+holder""",https://pdfpiw.uspto.gov/.piw?Docid=6615753
 Planter ,"http://patft.uspto.gov//netacgi/nph-Parser?Sect1=PTO2&Sect2=HITOFF&p=3&u=%2Fnetahtml%2FPTO%2Fsearch-bool.html&r=119&f=G&l=50&co1=AND&d=PTXT&s1=%22plant+holder%22&OS=""plant+holder""&RS=""plant+holder""",https://pdfpiw.uspto.gov/.piw?Docid=6615543
 Tree-shaped potted plant holder ,"http://patft.uspto.gov//netacgi/nph-Parser?Sect1=PTO2&Sect2=HITOFF&p=3&u=%2Fnetahtml%2FPTO%2Fsearch-bool.html&r=120&f=G&l=50&co1=AND&d=PTXT&s1=%22plant+holder%22&OS=""plant+holder""&RS=""plant+holder""",https://pdfpiw.uspto.gov/.piw?Docid=6595377
 Juvenile plant holding device ,"http://patft.uspto.gov//netacgi/nph-Parser?Sect1=PTO2&Sect2=HITOFF&p=3&u=%2Fnetahtml%2FPTO%2Fsearch-bool.html&r=121&f=G&l=50&co1=AND&d=PTXT&s1=%22plant+holder%22&OS=""plant+holder""&RS=""plant+holder""",https://pdfpiw.uspto.gov/.piw?Docid=6588147
 Quick release plant holder ,"http://patft.uspto.gov//netacgi/nph-Parser?Sect1=PTO2&Sect2=HITOFF&p=3&u=%2Fnetahtml%2FPTO%2Fsearch-bool.html&r=122&f=G&l=50&co1=AND&d=PTXT&s1=%22plant+holder%22&OS=""plant+holder""&RS=""plant+holder""",https://pdfpiw.uspto.gov/.piw?Docid=6546670
 Plant holder ,"http://patft.uspto.gov//netacgi/nph-Parser?Sect1=PTO2&Sect2=HITOFF&p=3&u=%2Fnetahtml%2FPTO%2Fsearch-bool.html&r=123&f=G&l=50&co1=AND&d=PTXT&s1=%22plant+holder%22&OS=""plant+holder""&RS=""plant+holder""",https://pdfpiw.uspto.gov/.piw?Docid=D470683
 Plant holder ,"http://patft.uspto.gov//netacgi/nph-Parser?Sect1=PTO2&Sect2=HITOFF&p=3&u=%2Fnetahtml%2FPTO%2Fsearch-bool.html&r=124&f=G&l=50&co1=AND&d=PTXT&s1=%22plant+holder%22&OS=""plant+holder""&RS=""plant+holder""",https://pdfpiw.uspto.gov/.piw?Docid=D468553
 Plant holder ,"http://patft.uspto.gov//netacgi/nph-Parser?Sect1=PTO2&Sect2=HITOFF&p=3&u=%2Fnetahtml%2FPTO%2Fsearch-bool.html&r=125&f=G&l=50&co1=AND&d=PTXT&s1=%22plant+holder%22&OS=""plant+holder""&RS=""plant+holder""",https://pdfpiw.uspto.gov/.piw?Docid=D468127
 Plant anchor ,"http://patft.uspto.gov//netacgi/nph-Parser?Sect1=PTO2&Sect2=HITOFF&p=3&u=%2Fnetahtml%2FPTO%2Fsearch-bool.html&r=126&f=G&l=50&co1=AND&d=PTXT&s1=%22plant+holder%22&OS=""plant+holder""&RS=""plant+holder""",https://pdfpiw.uspto.gov/.piw?Docid=6474266
 Formable tubular product ,"http://patft.uspto.gov//netacgi/nph-Parser?Sect1=PTO2&Sect2=HITOFF&p=3&u=%2Fnetahtml%2FPTO%2Fsearch-bool.html&r=127&f=G&l=50&co1=AND&d=PTXT&s1=%22plant+holder%22&OS=""plant+holder""&RS=""plant+holder""",https://pdfpiw.uspto.gov/.piw?Docid=6455117
 Rocking horse plant holder ,"http://patft.uspto.gov//netacgi/nph-Parser?Sect1=PTO2&Sect2=HITOFF&p=3&u=%2Fnetahtml%2FPTO%2Fsearch-bool.html&r=128&f=G&l=50&co1=AND&d=PTXT&s1=%22plant+holder%22&OS=""plant+holder""&RS=""plant+holder""",https://pdfpiw.uspto.gov/.piw?Docid=D461331
 Decorative plant support for gardens ,"http://patft.uspto.gov//netacgi/nph-Parser?Sect1=PTO2&Sect2=HITOFF&p=3&u=%2Fnetahtml%2FPTO%2Fsearch-bool.html&r=129&f=G&l=50&co1=AND&d=PTXT&s1=%22plant+holder%22&OS=""plant+holder""&RS=""plant+holder""",https://pdfpiw.uspto.gov/.piw?Docid=6425555
 Quick release plant holder ,"http://patft.uspto.gov//netacgi/nph-Parser?Sect1=PTO2&Sect2=HITOFF&p=3&u=%2Fnetahtml%2FPTO%2Fsearch-bool.html&r=130&f=G&l=50&co1=AND&d=PTXT&s1=%22plant+holder%22&OS=""plant+holder""&RS=""plant+holder""",https://pdfpiw.uspto.gov/.piw?Docid=6405481
 Automatic plant watering system and method ,"http://patft.uspto.gov//netacgi/nph-Parser?Sect1=PTO2&Sect2=HITOFF&p=3&u=%2Fnetahtml%2FPTO%2Fsearch-bool.html&r=131&f=G&l=50&co1=AND&d=PTXT&s1=%22plant+holder%22&OS=""plant+holder""&RS=""plant+holder""",https://pdfpiw.uspto.gov/.piw?Docid=6401389
 Self-mounting device to support articles ,"http://patft.uspto.gov//netacgi/nph-Parser?Sect1=PTO2&Sect2=HITOFF&p=3&u=%2Fnetahtml%2FPTO%2Fsearch-bool.html&r=132&f=G&l=50&co1=AND&d=PTXT&s1=%22plant+holder%22&OS=""plant+holder""&RS=""plant+holder""",https://pdfpiw.uspto.gov/.piw?Docid=6382574
" Method of deterring climbing animals from accessing elevated bird feeders,      nesting boxes and plants ","http://patft.uspto.gov//netacgi/nph-Parser?Sect1=PTO2&Sect2=HITOFF&p=3&u=%2Fnetahtml%2FPTO%2Fsearch-bool.html&r=133&f=G&l=50&co1=AND&d=PTXT&s1=%22plant+holder%22&OS=""plant+holder""&RS=""plant+holder""",https://pdfpiw.uspto.gov/.piw?Docid=6378459
 Plant holder ,"http://patft.uspto.gov//netacgi/nph-Parser?Sect1=PTO2&Sect2=HITOFF&p=3&u=%2Fnetahtml%2FPTO%2Fsearch-bool.html&r=134&f=G&l=50&co1=AND&d=PTXT&s1=%22plant+holder%22&OS=""plant+holder""&RS=""plant+holder""",https://pdfpiw.uspto.gov/.piw?Docid=6299118
 Artificial plant holder ,"http://patft.uspto.gov//netacgi/nph-Parser?Sect1=PTO2&Sect2=HITOFF&p=3&u=%2Fnetahtml%2FPTO%2Fsearch-bool.html&r=135&f=G&l=50&co1=AND&d=PTXT&s1=%22plant+holder%22&OS=""plant+holder""&RS=""plant+holder""",https://pdfpiw.uspto.gov/.piw?Docid=D446157
 Rotating display device ,"http://patft.uspto.gov//netacgi/nph-Parser?Sect1=PTO2&Sect2=HITOFF&p=3&u=%2Fnetahtml%2FPTO%2Fsearch-bool.html&r=136&f=G&l=50&co1=AND&d=PTXT&s1=%22plant+holder%22&OS=""plant+holder""&RS=""plant+holder""",https://pdfpiw.uspto.gov/.piw?Docid=6230440
 Adjustable Christmas tree/plant stand ,"http://patft.uspto.gov//netacgi/nph-Parser?Sect1=PTO2&Sect2=HITOFF&p=3&u=%2Fnetahtml%2FPTO%2Fsearch-bool.html&r=137&f=G&l=50&co1=AND&d=PTXT&s1=%22plant+holder%22&OS=""plant+holder""&RS=""plant+holder""",https://pdfpiw.uspto.gov/.piw?Docid=6155529
 Plant holder ,"http://patft.uspto.gov//netacgi/nph-Parser?Sect1=PTO2&Sect2=HITOFF&p=3&u=%2Fnetahtml%2FPTO%2Fsearch-bool.html&r=138&f=G&l=50&co1=AND&d=PTXT&s1=%22plant+holder%22&OS=""plant+holder""&RS=""plant+holder""",https://pdfpiw.uspto.gov/.piw?Docid=D434247
 Article holder and organizer ,"http://patft.uspto.gov//netacgi/nph-Parser?Sect1=PTO2&Sect2=HITOFF&p=3&u=%2Fnetahtml%2FPTO%2Fsearch-bool.html&r=139&f=G&l=50&co1=AND&d=PTXT&s1=%22plant+holder%22&OS=""plant+holder""&RS=""plant+holder""",https://pdfpiw.uspto.gov/.piw?Docid=6116434
 Gravity flow microprocessor controlled portable plant dispensing system ,"http://patft.uspto.gov//netacgi/nph-Parser?Sect1=PTO2&Sect2=HITOFF&p=3&u=%2Fnetahtml%2FPTO%2Fsearch-bool.html&r=140&f=G&l=50&co1=AND&d=PTXT&s1=%22plant+holder%22&OS=""plant+holder""&RS=""plant+holder""",https://pdfpiw.uspto.gov/.piw?Docid=6092699
 System for holding plant containers ,"http://patft.uspto.gov//netacgi/nph-Parser?Sect1=PTO2&Sect2=HITOFF&p=3&u=%2Fnetahtml%2FPTO%2Fsearch-bool.html&r=141&f=G&l=50&co1=AND&d=PTXT&s1=%22plant+holder%22&OS=""plant+holder""&RS=""plant+holder""",https://pdfpiw.uspto.gov/.piw?Docid=6085460
" Tree support with wrapping, strap and fastener ","http://patft.uspto.gov//netacgi/nph-Parser?Sect1=PTO2&Sect2=HITOFF&p=3&u=%2Fnetahtml%2FPTO%2Fsearch-bool.html&r=142&f=G&l=50&co1=AND&d=PTXT&s1=%22plant+holder%22&OS=""plant+holder""&RS=""plant+holder""",https://pdfpiw.uspto.gov/.piw?Docid=6073391
 Aquatic planting process and related apparatus ,"http://patft.uspto.gov//netacgi/nph-Parser?Sect1=PTO2&Sect2=HITOFF&p=3&u=%2Fnetahtml%2FPTO%2Fsearch-bool.html&r=143&f=G&l=50&co1=AND&d=PTXT&s1=%22plant+holder%22&OS=""plant+holder""&RS=""plant+holder""",https://pdfpiw.uspto.gov/.piw?Docid=6070537
" Portable, mailbox-mounted, potted plant holder ","http://patft.uspto.gov//netacgi/nph-Parser?Sect1=PTO2&Sect2=HITOFF&p=3&u=%2Fnetahtml%2FPTO%2Fsearch-bool.html&r=144&f=G&l=50&co1=AND&d=PTXT&s1=%22plant+holder%22&OS=""plant+holder""&RS=""plant+holder""",https://pdfpiw.uspto.gov/.piw?Docid=6032808
 Wall mounted plant holder ,"http://patft.uspto.gov//netacgi/nph-Parser?Sect1=PTO2&Sect2=HITOFF&p=3&u=%2Fnetahtml%2FPTO%2Fsearch-bool.html&r=145&f=G&l=50&co1=AND&d=PTXT&s1=%22plant+holder%22&OS=""plant+holder""&RS=""plant+holder""",https://pdfpiw.uspto.gov/.piw?Docid=D419810
 Plant holder ,"http://patft.uspto.gov//netacgi/nph-Parser?Sect1=PTO2&Sect2=HITOFF&p=3&u=%2Fnetahtml%2FPTO%2Fsearch-bool.html&r=146&f=G&l=50&co1=AND&d=PTXT&s1=%22plant+holder%22&OS=""plant+holder""&RS=""plant+holder""",https://pdfpiw.uspto.gov/.piw?Docid=6000172
 Hydroponic growing station with integrated watering supply ,"http://patft.uspto.gov//netacgi/nph-Parser?Sect1=PTO2&Sect2=HITOFF&p=3&u=%2Fnetahtml%2FPTO%2Fsearch-bool.html&r=147&f=G&l=50&co1=AND&d=PTXT&s1=%22plant+holder%22&OS=""plant+holder""&RS=""plant+holder""",https://pdfpiw.uspto.gov/.piw?Docid=5983564
 Plant holder ,"http://patft.uspto.gov//netacgi/nph-Parser?Sect1=PTO2&Sect2=HITOFF&p=3&u=%2Fnetahtml%2FPTO%2Fsearch-bool.html&r=148&f=G&l=50&co1=AND&d=PTXT&s1=%22plant+holder%22&OS=""plant+holder""&RS=""plant+holder""",https://pdfpiw.uspto.gov/.piw?Docid=5964057
 Plant irrigation table ,"http://patft.uspto.gov//netacgi/nph-Parser?Sect1=PTO2&Sect2=HITOFF&p=3&u=%2Fnetahtml%2FPTO%2Fsearch-bool.html&r=149&f=G&l=50&co1=AND&d=PTXT&s1=%22plant+holder%22&OS=""plant+holder""&RS=""plant+holder""",https://pdfpiw.uspto.gov/.piw?Docid=5956893
" Illuminating box-shaped planter with light assembly, light element      channel, and glass panel for multidirectional lighting ","http://patft.uspto.gov//netacgi/nph-Parser?Sect1=PTO2&Sect2=HITOFF&p=3&u=%2Fnetahtml%2FPTO%2Fsearch-bool.html&r=150&f=G&l=50&co1=AND&d=PTXT&s1=%22plant+holder%22&OS=""plant+holder""&RS=""plant+holder""",https://pdfpiw.uspto.gov/.piw?Docid=5951154
 Stand for potted plants ,"http://patft.uspto.gov//netacgi/nph-Parser?Sect1=PTO2&Sect2=HITOFF&p=4&u=%2Fnetahtml%2FPTO%2Fsearch-bool.html&r=151&f=G&l=50&co1=AND&d=PTXT&s1=%22plant+holder%22&OS=""plant+holder""&RS=""plant+holder""",https://pdfpiw.uspto.gov/.piw?Docid=5934014
 Rimmed container mounting assembly ,"http://patft.uspto.gov//netacgi/nph-Parser?Sect1=PTO2&Sect2=HITOFF&p=4&u=%2Fnetahtml%2FPTO%2Fsearch-bool.html&r=152&f=G&l=50&co1=AND&d=PTXT&s1=%22plant+holder%22&OS=""plant+holder""&RS=""plant+holder""",https://pdfpiw.uspto.gov/.piw?Docid=5873555
 Flower container with selectable presentation inserts ,"http://patft.uspto.gov//netacgi/nph-Parser?Sect1=PTO2&Sect2=HITOFF&p=4&u=%2Fnetahtml%2FPTO%2Fsearch-bool.html&r=153&f=G&l=50&co1=AND&d=PTXT&s1=%22plant+holder%22&OS=""plant+holder""&RS=""plant+holder""",https://pdfpiw.uspto.gov/.piw?Docid=5870856
 Hanging plant track system ,"http://patft.uspto.gov//netacgi/nph-Parser?Sect1=PTO2&Sect2=HITOFF&p=4&u=%2Fnetahtml%2FPTO%2Fsearch-bool.html&r=154&f=G&l=50&co1=AND&d=PTXT&s1=%22plant+holder%22&OS=""plant+holder""&RS=""plant+holder""",https://pdfpiw.uspto.gov/.piw?Docid=5862925
 Pot plant holder ,"http://patft.uspto.gov//netacgi/nph-Parser?Sect1=PTO2&Sect2=HITOFF&p=4&u=%2Fnetahtml%2FPTO%2Fsearch-bool.html&r=155&f=G&l=50&co1=AND&d=PTXT&s1=%22plant+holder%22&OS=""plant+holder""&RS=""plant+holder""",https://pdfpiw.uspto.gov/.piw?Docid=D402822
 Nursery pot stabilizing device ,"http://patft.uspto.gov//netacgi/nph-Parser?Sect1=PTO2&Sect2=HITOFF&p=4&u=%2Fnetahtml%2FPTO%2Fsearch-bool.html&r=156&f=G&l=50&co1=AND&d=PTXT&s1=%22plant+holder%22&OS=""plant+holder""&RS=""plant+holder""",https://pdfpiw.uspto.gov/.piw?Docid=5836105
 Self-watering plant holder ,"http://patft.uspto.gov//netacgi/nph-Parser?Sect1=PTO2&Sect2=HITOFF&p=4&u=%2Fnetahtml%2FPTO%2Fsearch-bool.html&r=157&f=G&l=50&co1=AND&d=PTXT&s1=%22plant+holder%22&OS=""plant+holder""&RS=""plant+holder""",https://pdfpiw.uspto.gov/.piw?Docid=5806241
 Light-up planter ,"http://patft.uspto.gov//netacgi/nph-Parser?Sect1=PTO2&Sect2=HITOFF&p=4&u=%2Fnetahtml%2FPTO%2Fsearch-bool.html&r=158&f=G&l=50&co1=AND&d=PTXT&s1=%22plant+holder%22&OS=""plant+holder""&RS=""plant+holder""",https://pdfpiw.uspto.gov/.piw?Docid=5741061
 Adjustable plant holder ,"http://patft.uspto.gov//netacgi/nph-Parser?Sect1=PTO2&Sect2=HITOFF&p=4&u=%2Fnetahtml%2FPTO%2Fsearch-bool.html&r=159&f=G&l=50&co1=AND&d=PTXT&s1=%22plant+holder%22&OS=""plant+holder""&RS=""plant+holder""",https://pdfpiw.uspto.gov/.piw?Docid=D393159
 Plant holder ,"http://patft.uspto.gov//netacgi/nph-Parser?Sect1=PTO2&Sect2=HITOFF&p=4&u=%2Fnetahtml%2FPTO%2Fsearch-bool.html&r=160&f=G&l=50&co1=AND&d=PTXT&s1=%22plant+holder%22&OS=""plant+holder""&RS=""plant+holder""",https://pdfpiw.uspto.gov/.piw?Docid=D384000
 Adjustable plant holder ,"http://patft.uspto.gov//netacgi/nph-Parser?Sect1=PTO2&Sect2=HITOFF&p=4&u=%2Fnetahtml%2FPTO%2Fsearch-bool.html&r=161&f=G&l=50&co1=AND&d=PTXT&s1=%22plant+holder%22&OS=""plant+holder""&RS=""plant+holder""",https://pdfpiw.uspto.gov/.piw?Docid=D383916
 Clip-on bracket ,"http://patft.uspto.gov//netacgi/nph-Parser?Sect1=PTO2&Sect2=HITOFF&p=4&u=%2Fnetahtml%2FPTO%2Fsearch-bool.html&r=162&f=G&l=50&co1=AND&d=PTXT&s1=%22plant+holder%22&OS=""plant+holder""&RS=""plant+holder""",https://pdfpiw.uspto.gov/.piw?Docid=5651521
 Rhizome clip for orchid plants and the like ,"http://patft.uspto.gov//netacgi/nph-Parser?Sect1=PTO2&Sect2=HITOFF&p=4&u=%2Fnetahtml%2FPTO%2Fsearch-bool.html&r=163&f=G&l=50&co1=AND&d=PTXT&s1=%22plant+holder%22&OS=""plant+holder""&RS=""plant+holder""",https://pdfpiw.uspto.gov/.piw?Docid=5630293
 Elevated plant holder ,"http://patft.uspto.gov//netacgi/nph-Parser?Sect1=PTO2&Sect2=HITOFF&p=4&u=%2Fnetahtml%2FPTO%2Fsearch-bool.html&r=164&f=G&l=50&co1=AND&d=PTXT&s1=%22plant+holder%22&OS=""plant+holder""&RS=""plant+holder""",https://pdfpiw.uspto.gov/.piw?Docid=5606824
 Combined shelter and gazebo ,"http://patft.uspto.gov//netacgi/nph-Parser?Sect1=PTO2&Sect2=HITOFF&p=4&u=%2Fnetahtml%2FPTO%2Fsearch-bool.html&r=165&f=G&l=50&co1=AND&d=PTXT&s1=%22plant+holder%22&OS=""plant+holder""&RS=""plant+holder""",https://pdfpiw.uspto.gov/.piw?Docid=D378137
 Greetng card device ,"http://patft.uspto.gov//netacgi/nph-Parser?Sect1=PTO2&Sect2=HITOFF&p=4&u=%2Fnetahtml%2FPTO%2Fsearch-bool.html&r=166&f=G&l=50&co1=AND&d=PTXT&s1=%22plant+holder%22&OS=""plant+holder""&RS=""plant+holder""",https://pdfpiw.uspto.gov/.piw?Docid=5595008
 Vertical planter apparatus and method ,"http://patft.uspto.gov//netacgi/nph-Parser?Sect1=PTO2&Sect2=HITOFF&p=4&u=%2Fnetahtml%2FPTO%2Fsearch-bool.html&r=167&f=G&l=50&co1=AND&d=PTXT&s1=%22plant+holder%22&OS=""plant+holder""&RS=""plant+holder""",https://pdfpiw.uspto.gov/.piw?Docid=5555676
 Self-rotating hanging plant support ,"http://patft.uspto.gov//netacgi/nph-Parser?Sect1=PTO2&Sect2=HITOFF&p=4&u=%2Fnetahtml%2FPTO%2Fsearch-bool.html&r=168&f=G&l=50&co1=AND&d=PTXT&s1=%22plant+holder%22&OS=""plant+holder""&RS=""plant+holder""",https://pdfpiw.uspto.gov/.piw?Docid=5546698
 Lighting system for use in an aquarium ,"http://patft.uspto.gov//netacgi/nph-Parser?Sect1=PTO2&Sect2=HITOFF&p=4&u=%2Fnetahtml%2FPTO%2Fsearch-bool.html&r=169&f=G&l=50&co1=AND&d=PTXT&s1=%22plant+holder%22&OS=""plant+holder""&RS=""plant+holder""",https://pdfpiw.uspto.gov/.piw?Docid=5546289
 Plant cultivation method and apparatus ,"http://patft.uspto.gov//netacgi/nph-Parser?Sect1=PTO2&Sect2=HITOFF&p=4&u=%2Fnetahtml%2FPTO%2Fsearch-bool.html&r=170&f=G&l=50&co1=AND&d=PTXT&s1=%22plant+holder%22&OS=""plant+holder""&RS=""plant+holder""",https://pdfpiw.uspto.gov/.piw?Docid=5515648
 Plant holder ,"http://patft.uspto.gov//netacgi/nph-Parser?Sect1=PTO2&Sect2=HITOFF&p=4&u=%2Fnetahtml%2FPTO%2Fsearch-bool.html&r=171&f=G&l=50&co1=AND&d=PTXT&s1=%22plant+holder%22&OS=""plant+holder""&RS=""plant+holder""",https://pdfpiw.uspto.gov/.piw?Docid=5502922
 Planted pot self-positioning plant support device ,"http://patft.uspto.gov//netacgi/nph-Parser?Sect1=PTO2&Sect2=HITOFF&p=4&u=%2Fnetahtml%2FPTO%2Fsearch-bool.html&r=172&f=G&l=50&co1=AND&d=PTXT&s1=%22plant+holder%22&OS=""plant+holder""&RS=""plant+holder""",https://pdfpiw.uspto.gov/.piw?Docid=5501038
 Stand for candle holders ,"http://patft.uspto.gov//netacgi/nph-Parser?Sect1=PTO2&Sect2=HITOFF&p=4&u=%2Fnetahtml%2FPTO%2Fsearch-bool.html&r=173&f=G&l=50&co1=AND&d=PTXT&s1=%22plant+holder%22&OS=""plant+holder""&RS=""plant+holder""",https://pdfpiw.uspto.gov/.piw?Docid=D367373
 Fence mounted hanger ,"http://patft.uspto.gov//netacgi/nph-Parser?Sect1=PTO2&Sect2=HITOFF&p=4&u=%2Fnetahtml%2FPTO%2Fsearch-bool.html&r=174&f=G&l=50&co1=AND&d=PTXT&s1=%22plant+holder%22&OS=""plant+holder""&RS=""plant+holder""",https://pdfpiw.uspto.gov/.piw?Docid=5457911
 Elevated plant holder ,"http://patft.uspto.gov//netacgi/nph-Parser?Sect1=PTO2&Sect2=HITOFF&p=4&u=%2Fnetahtml%2FPTO%2Fsearch-bool.html&r=175&f=G&l=50&co1=AND&d=PTXT&s1=%22plant+holder%22&OS=""plant+holder""&RS=""plant+holder""",https://pdfpiw.uspto.gov/.piw?Docid=5450692
 Greeting card device ,"http://patft.uspto.gov//netacgi/nph-Parser?Sect1=PTO2&Sect2=HITOFF&p=4&u=%2Fnetahtml%2FPTO%2Fsearch-bool.html&r=176&f=G&l=50&co1=AND&d=PTXT&s1=%22plant+holder%22&OS=""plant+holder""&RS=""plant+holder""",https://pdfpiw.uspto.gov/.piw?Docid=5435085
 Plant holder ,"http://patft.uspto.gov//netacgi/nph-Parser?Sect1=PTO2&Sect2=HITOFF&p=4&u=%2Fnetahtml%2FPTO%2Fsearch-bool.html&r=177&f=G&l=50&co1=AND&d=PTXT&s1=%22plant+holder%22&OS=""plant+holder""&RS=""plant+holder""",https://pdfpiw.uspto.gov/.piw?Docid=D352674
 Multi purpose plant holder ,"http://patft.uspto.gov//netacgi/nph-Parser?Sect1=PTO2&Sect2=HITOFF&p=4&u=%2Fnetahtml%2FPTO%2Fsearch-bool.html&r=178&f=G&l=50&co1=AND&d=PTXT&s1=%22plant+holder%22&OS=""plant+holder""&RS=""plant+holder""",https://pdfpiw.uspto.gov/.piw?Docid=5345712
 Plant holder and drain assembly ,"http://patft.uspto.gov//netacgi/nph-Parser?Sect1=PTO2&Sect2=HITOFF&p=4&u=%2Fnetahtml%2FPTO%2Fsearch-bool.html&r=179&f=G&l=50&co1=AND&d=PTXT&s1=%22plant+holder%22&OS=""plant+holder""&RS=""plant+holder""",https://pdfpiw.uspto.gov/.piw?Docid=D350303
 Air plant holder ,"http://patft.uspto.gov//netacgi/nph-Parser?Sect1=PTO2&Sect2=HITOFF&p=4&u=%2Fnetahtml%2FPTO%2Fsearch-bool.html&r=180&f=G&l=50&co1=AND&d=PTXT&s1=%22plant+holder%22&OS=""plant+holder""&RS=""plant+holder""",https://pdfpiw.uspto.gov/.piw?Docid=D349075
 Shelving/display system ,"http://patft.uspto.gov//netacgi/nph-Parser?Sect1=PTO2&Sect2=HITOFF&p=4&u=%2Fnetahtml%2FPTO%2Fsearch-bool.html&r=181&f=G&l=50&co1=AND&d=PTXT&s1=%22plant+holder%22&OS=""plant+holder""&RS=""plant+holder""",https://pdfpiw.uspto.gov/.piw?Docid=5332108
 Convertible aviary with side netting ,"http://patft.uspto.gov//netacgi/nph-Parser?Sect1=PTO2&Sect2=HITOFF&p=4&u=%2Fnetahtml%2FPTO%2Fsearch-bool.html&r=182&f=G&l=50&co1=AND&d=PTXT&s1=%22plant+holder%22&OS=""plant+holder""&RS=""plant+holder""",https://pdfpiw.uspto.gov/.piw?Docid=5305708
 Interlocking plant mobile ,"http://patft.uspto.gov//netacgi/nph-Parser?Sect1=PTO2&Sect2=HITOFF&p=4&u=%2Fnetahtml%2FPTO%2Fsearch-bool.html&r=183&f=G&l=50&co1=AND&d=PTXT&s1=%22plant+holder%22&OS=""plant+holder""&RS=""plant+holder""",https://pdfpiw.uspto.gov/.piw?Docid=5290001
 Lift door apparatus ,"http://patft.uspto.gov//netacgi/nph-Parser?Sect1=PTO2&Sect2=HITOFF&p=4&u=%2Fnetahtml%2FPTO%2Fsearch-bool.html&r=184&f=G&l=50&co1=AND&d=PTXT&s1=%22plant+holder%22&OS=""plant+holder""&RS=""plant+holder""",https://pdfpiw.uspto.gov/.piw?Docid=5284225
 Combined lamp and indoor air purification apparatus ,"http://patft.uspto.gov//netacgi/nph-Parser?Sect1=PTO2&Sect2=HITOFF&p=4&u=%2Fnetahtml%2FPTO%2Fsearch-bool.html&r=185&f=G&l=50&co1=AND&d=PTXT&s1=%22plant+holder%22&OS=""plant+holder""&RS=""plant+holder""",https://pdfpiw.uspto.gov/.piw?Docid=5217696
 Cemetery plant pot ,"http://patft.uspto.gov//netacgi/nph-Parser?Sect1=PTO2&Sect2=HITOFF&p=4&u=%2Fnetahtml%2FPTO%2Fsearch-bool.html&r=186&f=G&l=50&co1=AND&d=PTXT&s1=%22plant+holder%22&OS=""plant+holder""&RS=""plant+holder""",https://pdfpiw.uspto.gov/.piw?Docid=5199213
 Plant holder ,"http://patft.uspto.gov//netacgi/nph-Parser?Sect1=PTO2&Sect2=HITOFF&p=4&u=%2Fnetahtml%2FPTO%2Fsearch-bool.html&r=187&f=G&l=50&co1=AND&d=PTXT&s1=%22plant+holder%22&OS=""plant+holder""&RS=""plant+holder""",https://pdfpiw.uspto.gov/.piw?Docid=D333397
 Apparatus for relocating arranged plants ,"http://patft.uspto.gov//netacgi/nph-Parser?Sect1=PTO2&Sect2=HITOFF&p=4&u=%2Fnetahtml%2FPTO%2Fsearch-bool.html&r=188&f=G&l=50&co1=AND&d=PTXT&s1=%22plant+holder%22&OS=""plant+holder""&RS=""plant+holder""",https://pdfpiw.uspto.gov/.piw?Docid=5160235
 Sun deck and pier rod and tool holding device ,"http://patft.uspto.gov//netacgi/nph-Parser?Sect1=PTO2&Sect2=HITOFF&p=4&u=%2Fnetahtml%2FPTO%2Fsearch-bool.html&r=189&f=G&l=50&co1=AND&d=PTXT&s1=%22plant+holder%22&OS=""plant+holder""&RS=""plant+holder""",https://pdfpiw.uspto.gov/.piw?Docid=5120016
 Method and apparatus for hydroponic gardening ,"http://patft.uspto.gov//netacgi/nph-Parser?Sect1=PTO2&Sect2=HITOFF&p=4&u=%2Fnetahtml%2FPTO%2Fsearch-bool.html&r=190&f=G&l=50&co1=AND&d=PTXT&s1=%22plant+holder%22&OS=""plant+holder""&RS=""plant+holder""",https://pdfpiw.uspto.gov/.piw?Docid=5097627
 Plant holder ,"http://patft.uspto.gov//netacgi/nph-Parser?Sect1=PTO2&Sect2=HITOFF&p=4&u=%2Fnetahtml%2FPTO%2Fsearch-bool.html&r=191&f=G&l=50&co1=AND&d=PTXT&s1=%22plant+holder%22&OS=""plant+holder""&RS=""plant+holder""",https://pdfpiw.uspto.gov/.piw?Docid=5088234
 Adjustable hanging basket ,"http://patft.uspto.gov//netacgi/nph-Parser?Sect1=PTO2&Sect2=HITOFF&p=4&u=%2Fnetahtml%2FPTO%2Fsearch-bool.html&r=192&f=G&l=50&co1=AND&d=PTXT&s1=%22plant+holder%22&OS=""plant+holder""&RS=""plant+holder""",https://pdfpiw.uspto.gov/.piw?Docid=5077936
 Combined candlestick and plant holder ,"http://patft.uspto.gov//netacgi/nph-Parser?Sect1=PTO2&Sect2=HITOFF&p=4&u=%2Fnetahtml%2FPTO%2Fsearch-bool.html&r=193&f=G&l=50&co1=AND&d=PTXT&s1=%22plant+holder%22&OS=""plant+holder""&RS=""plant+holder""",https://pdfpiw.uspto.gov/.piw?Docid=D322487
 Aquarium-terrarium apparatus ,"http://patft.uspto.gov//netacgi/nph-Parser?Sect1=PTO2&Sect2=HITOFF&p=4&u=%2Fnetahtml%2FPTO%2Fsearch-bool.html&r=194&f=G&l=50&co1=AND&d=PTXT&s1=%22plant+holder%22&OS=""plant+holder""&RS=""plant+holder""",https://pdfpiw.uspto.gov/.piw?Docid=5056463
 Plant stem holder ,"http://patft.uspto.gov//netacgi/nph-Parser?Sect1=PTO2&Sect2=HITOFF&p=4&u=%2Fnetahtml%2FPTO%2Fsearch-bool.html&r=195&f=G&l=50&co1=AND&d=PTXT&s1=%22plant+holder%22&OS=""plant+holder""&RS=""plant+holder""",https://pdfpiw.uspto.gov/.piw?Docid=H824
 Bulb and bedding planter ,"http://patft.uspto.gov//netacgi/nph-Parser?Sect1=PTO2&Sect2=HITOFF&p=4&u=%2Fnetahtml%2FPTO%2Fsearch-bool.html&r=196&f=G&l=50&co1=AND&d=PTXT&s1=%22plant+holder%22&OS=""plant+holder""&RS=""plant+holder""",https://pdfpiw.uspto.gov/.piw?Docid=4932339
 Method and apparatus for hydroponic gardening ,"http://patft.uspto.gov//netacgi/nph-Parser?Sect1=PTO2&Sect2=HITOFF&p=4&u=%2Fnetahtml%2FPTO%2Fsearch-bool.html&r=197&f=G&l=50&co1=AND&d=PTXT&s1=%22plant+holder%22&OS=""plant+holder""&RS=""plant+holder""",https://pdfpiw.uspto.gov/.piw?Docid=4932158
 Woven wire apparatus ,"http://patft.uspto.gov//netacgi/nph-Parser?Sect1=PTO2&Sect2=HITOFF&p=4&u=%2Fnetahtml%2FPTO%2Fsearch-bool.html&r=198&f=G&l=50&co1=AND&d=PTXT&s1=%22plant+holder%22&OS=""plant+holder""&RS=""plant+holder""",https://pdfpiw.uspto.gov/.piw?Docid=4927674
 Flower pot and saucer ,"http://patft.uspto.gov//netacgi/nph-Parser?Sect1=PTO2&Sect2=HITOFF&p=4&u=%2Fnetahtml%2FPTO%2Fsearch-bool.html&r=199&f=G&l=50&co1=AND&d=PTXT&s1=%22plant+holder%22&OS=""plant+holder""&RS=""plant+holder""",https://pdfpiw.uspto.gov/.piw?Docid=4912875
 Plant holder ,"http://patft.uspto.gov//netacgi/nph-Parser?Sect1=PTO2&Sect2=HITOFF&p=4&u=%2Fnetahtml%2FPTO%2Fsearch-bool.html&r=200&f=G&l=50&co1=AND&d=PTXT&s1=%22plant+holder%22&OS=""plant+holder""&RS=""plant+holder""",https://pdfpiw.uspto.gov/.piw?Docid=D305875
